10,326
10.02062,328
10.04124,347
10.06185,347
10.08247,330
10.10309,381
10.12371,303
10.14433,337
10.16495,369
10.18556,345
10.20618,341
10.2268,331
10.24742,359
10.26804,297
10.28866,323
10.30927,338
10.32989,345
10.35051,330
10.37113,303
10.39175,343
10.41236,320
10.43298,331
10.4536,354
10.47422,357
10.49484,341
10.51546,330
10.53607,343
10.55669,308
10.57731,310
10.59793,322
10.61855,312
10.63916,318
10.65978,301
10.6804,288
10.70102,299
10.72164,288
10.74226,299
10.76287,313
10.78349,352
10.80411,358
10.82473,333
10.84535,347
10.86597,321
10.88658,303
10.9072,296
10.92782,306
10.94844,340
10.96906,325
10.98967,328
11.01029,327
11.03091,316
11.05153,351
11.07215,288
11.09277,317
11.11338,317
11.134,296
11.15462,292
11.17524,312
11.19586,334
11.21648,348
11.23709,284
11.25771,301
11.27833,329
11.29895,331
11.31957,270
11.34018,313
11.3608,306
11.38142,306
11.40204,320
11.42266,315
11.44328,309
11.46389,305
11.48451,316
11.50513,316
11.52575,318
11.54637,300
11.56699,284
11.5876,301
11.60822,267
11.62884,306
11.64946,321
11.67008,304
11.69069,319
11.71131,319
11.73193,326
11.75255,291
11.77317,330
11.79379,301
11.8144,303
11.83502,332
11.85564,313
11.87626,297
11.89688,316
11.91749,272
11.93811,333
11.95873,309
11.97935,294
11.99997,307
12.02059,313
12.0412,319
12.06182,325
12.08244,286
12.10306,301
12.12368,322
12.1443,346
12.16491,294
12.18553,305
12.20615,305
12.22677,319
12.24739,329
12.268,285
12.28862,312
12.30924,288
12.32986,324
12.35048,309
12.3711,305
12.39171,307
12.41233,334
12.43295,307
12.45357,315
12.47419,295
12.49481,329
12.51542,327
12.53604,317
12.55666,300
12.57728,282
12.5979,297
12.61851,312
12.63913,321
12.65975,286
12.68037,314
12.70099,321
12.72161,274
12.74222,275
12.76284,277
12.78346,307
12.80408,313
12.8247,312
12.84531,291
12.86593,296
12.88655,307
12.90717,288
12.92779,304
12.94841,291
12.96902,265
12.98964,270
13.01026,264
13.03088,313
13.0515,292
13.07212,255
13.09273,285
13.11335,277
13.13397,283
13.15459,319
13.17521,313
13.19582,326
13.21644,330
13.23706,335
13.25768,335
13.2783,306
13.29892,297
13.31953,274
13.34015,296
13.36077,267
13.38139,288
13.40201,289
13.42263,303
13.44324,305
13.46386,284
13.48448,291
13.5051,307
13.52572,299
13.54633,271
13.56695,276
13.58757,291
13.60819,317
13.62881,298
13.64943,292
13.67004,324
13.69066,296
13.71128,293
13.7319,315
13.75252,272
13.77313,275
13.79375,284
13.81437,267
13.83499,320
13.85561,312
13.87623,315
13.89684,309
13.91746,290
13.93808,288
13.9587,295
13.97932,278
13.99994,276
14.02055,292
14.04117,298
14.06179,294
14.08241,296
14.10303,307
14.12364,290
14.14426,306
14.16488,295
14.1855,306
14.20612,296
14.22674,295
14.24735,333
14.26797,320
14.28859,278
14.30921,308
14.32983,292
14.35045,289
14.37106,274
14.39168,290
14.4123,291
14.43292,313
14.45354,282
14.47415,303
14.49477,306
14.51539,292
14.53601,276
14.55663,269
14.57725,296
14.59786,286
14.61848,306
14.6391,297
14.65972,264
14.68034,285
14.70096,289
14.72157,266
14.74219,316
14.76281,318
14.78343,312
14.80405,316
14.82466,318
14.84528,285
14.8659,315
14.88652,296
14.90714,316
14.92776,310
14.94837,332
14.96899,275
14.98961,292
15.01023,278
15.03085,286
15.05146,326
15.07208,289
15.0927,308
15.11332,297
15.13394,264
15.15456,293
15.17517,309
15.19579,276
15.21641,323
15.23703,312
15.25765,287
15.27827,260
15.29888,302
15.3195,305
15.34012,270
15.36074,309
15.38136,289
15.40197,290
15.42259,309
15.44321,317
15.46383,342
15.48445,339
15.50507,319
15.52568,282
15.5463,294
15.56692,343
15.58754,315
15.60816,285
15.62878,336
15.64939,298
15.67001,298
15.69063,313
15.71125,305
15.73187,309
15.75248,318
15.7731,304
15.79372,340
15.81434,293
15.83496,322
15.85558,333
15.87619,293
15.89681,282
15.91743,303
15.93805,296
15.95867,303
15.97928,334
15.9999,336
16.02052,308
16.04114,296
16.06176,299
16.08238,312
16.10299,305
16.12361,349
16.14423,286
16.16485,291
16.18547,319
16.20609,310
16.2267,321
16.24732,322
16.26794,317
16.28856,334
16.30918,282
16.32979,336
16.35041,342
16.37103,328
16.39165,316
16.41227,315
16.43289,330
16.4535,323
16.47412,355
16.49474,329
16.51536,293
16.53598,305
16.5566,342
16.57721,322
16.59783,335
16.61845,329
16.63907,349
16.65969,332
16.6803,353
16.70092,319
16.72154,342
16.74216,305
16.76278,308
16.7834,335
16.80401,343
16.82463,340
16.84525,339
16.86587,307
16.88649,347
16.90711,350
16.92772,355
16.94834,382
16.96896,390
16.98958,376
17.0102,345
17.03081,347
17.05143,324
17.07205,340
17.09267,346
17.11329,353
17.13391,339
17.15452,316
17.17514,348
17.19576,365
17.21638,360
17.237,361
17.25761,361
17.27823,342
17.29885,356
17.31947,356
17.34009,331
17.36071,360
17.38132,339
17.40194,365
17.42256,337
17.44318,343
17.4638,368
17.48442,347
17.50503,338
17.52565,364
17.54627,381
17.56689,376
17.58751,317
17.60812,325
17.62874,355
17.64936,342
17.66998,376
17.6906,364
17.71122,372
17.73183,367
17.75245,338
17.77307,359
17.79369,358
17.81431,350
17.83493,371
17.85554,332
17.87616,376
17.89678,368
17.9174,366
17.93802,355
17.95863,392
17.97925,362
17.99987,356
18.02049,369
18.04111,348
18.06173,361
18.08234,352
18.10296,353
18.12358,422
18.1442,394
18.16482,407
18.18543,387
18.20605,397
18.22667,359
18.24729,366
18.26791,349
18.28853,344
18.30914,412
18.32976,387
18.35038,394
18.371,397
18.39162,398
18.41224,345
18.43285,383
18.45347,382
18.47409,386
18.49471,412
18.51533,377
18.53594,390
18.55656,362
18.57718,386
18.5978,384
18.61842,359
18.63904,341
18.65965,389
18.68027,432
18.70089,362
18.72151,372
18.74213,414
18.76275,362
18.78336,365
18.80398,420
18.8246,378
18.84522,391
18.86584,432
18.88645,371
18.90707,370
18.92769,420
18.94831,419
18.96893,392
18.98955,363
19.01016,386
19.03078,402
19.0514,415
19.07202,390
19.09264,390
19.11325,438
19.13387,397
19.15449,405
19.17511,428
19.19573,417
19.21635,429
19.23696,397
19.25758,432
19.2782,440
19.29882,412
19.31944,454
19.34006,388
19.36067,410
19.38129,421
19.40191,406
19.42253,394
19.44315,394
19.46376,395
19.48438,417
19.505,425
19.52562,433
19.54624,428
19.56686,371
19.58747,387
19.60809,441
19.62871,416
19.64933,404
19.66995,445
19.69057,386
19.71118,406
19.7318,413
19.75242,404
19.77304,410
19.79366,427
19.81427,408
19.83489,421
19.85551,420
19.87613,425
19.89675,392
19.91737,396
19.93798,431
19.9586,428
19.97922,441
19.99984,442
20.02046,421
20.04108,453
20.06169,411
20.08231,453
20.10293,437
20.12355,452
20.14417,403
20.16478,464
20.1854,465
20.20602,493
20.22664,462
20.24726,488
20.26788,462
20.28849,456
20.30911,415
20.32973,438
20.35035,430
20.37097,411
20.39158,439
20.4122,456
20.43282,430
20.45344,452
20.47406,485
20.49468,441
20.51529,472
20.53591,464
20.55653,453
20.57715,429
20.59777,469
20.61839,494
20.639,466
20.65962,458
20.68024,457
20.70086,390
20.72148,470
20.74209,452
20.76271,447
20.78333,430
20.80395,457
20.82457,454
20.84519,438
20.8658,480
20.88642,441
20.90704,404
20.92766,480
20.94828,478
20.9689,491
20.98951,464
21.01013,477
21.03075,512
21.05137,471
21.07199,458
21.0926,512
21.11322,519
21.13384,493
21.15446,463
21.17508,464
21.1957,475
21.21631,447
21.23693,484
21.25755,462
21.27817,496
21.29879,513
21.3194,489
21.34002,526
21.36064,460
21.38126,513
21.40188,491
21.4225,483
21.44311,505
21.46373,440
21.48435,491
21.50497,502
21.52559,461
21.54621,487
21.56682,495
21.58744,490
21.60806,470
21.62868,493
21.6493,474
21.66991,494
21.69053,485
21.71115,488
21.73177,498
21.75239,492
21.77301,480
21.79362,506
21.81424,480
21.83486,516
21.85548,495
21.8761,472
21.89672,510
21.91733,474
21.93795,509
21.95857,506
21.97919,525
21.99981,488
22.02042,524
22.04104,507
22.06166,531
22.08228,517
22.1029,526
22.12352,473
22.14413,478
22.16475,483
22.18537,511
22.20599,509
22.22661,508
22.24722,485
22.26784,541
22.28846,512
22.30908,496
22.3297,549
22.35032,513
22.37093,526
22.39155,494
22.41217,481
22.43279,528
22.45341,504
22.47403,506
22.49464,522
22.51526,536
22.53588,495
22.5565,489
22.57712,536
22.59773,518
22.61835,506
22.63897,476
22.65959,567
22.68021,524
22.70083,552
22.72144,536
22.74206,526
22.76268,553
22.7833,517
22.80392,526
22.82454,533
22.84515,517
22.86577,519
22.88639,492
22.90701,535
22.92763,538
22.94824,534
22.96886,505
22.98948,515
23.0101,502
23.03072,522
23.05134,511
23.07195,534
23.09257,525
23.11319,578
23.13381,521
23.15443,557
23.17505,538
23.19566,537
23.21628,552
23.2369,564
23.25752,549
23.27814,515
23.29875,530
23.31937,518
23.33999,566
23.36061,528
23.38123,516
23.40185,547
23.42246,587
23.44308,569
23.4637,507
23.48432,552
23.50494,544
23.52555,515
23.54617,530
23.56679,516
23.58741,530
23.60803,566
23.62865,538
23.64926,550
23.66988,543
23.6905,510
23.71112,578
23.73174,577
23.75236,524
23.77297,558
23.79359,520
23.81421,541
23.83483,549
23.85545,548
23.87606,536
23.89668,556
23.9173,503
23.93792,525
23.95854,491
23.97916,521
23.99977,537
24.02039,571
24.04101,582
24.06163,579
24.08225,536
24.10287,546
24.12348,531
24.1441,506
24.16472,504
24.18534,528
24.20596,533
24.22657,539
24.24719,522
24.26781,588
24.28843,552
24.30905,548
24.32967,548
24.35028,578
24.3709,502
24.39152,596
24.41214,569
24.43276,519
24.45337,552
24.47399,501
24.49461,548
24.51523,509
24.53585,557
24.55647,511
24.57708,579
24.5977,577
24.61832,542
24.63894,513
24.65956,527
24.68018,510
24.70079,582
24.72141,554
24.74203,538
24.76265,550
24.78327,532
24.80388,509
24.8245,544
24.84512,565
24.86574,583
24.88636,550
24.90698,517
24.92759,558
24.94821,539
24.96883,558
24.98945,568
25.01007,504
25.03069,513
25.0513,544
25.07192,584
25.09254,542
25.11316,548
25.13378,531
25.15439,513
25.17501,516
25.19563,504
25.21625,516
25.23687,525
25.25749,551
25.2781,556
25.29872,540
25.31934,545
25.33996,515
25.36058,522
25.3812,540
25.40181,532
25.42243,540
25.44305,545
25.46367,536
25.48429,543
25.5049,550
25.52552,590
25.54614,523
25.56676,584
25.58738,520
25.608,566
25.62861,541
25.64923,518
25.66985,564
25.69047,533
25.71109,532
25.7317,559
25.75232,555
25.77294,540
25.79356,525
25.81418,537
25.8348,551
25.85541,579
25.87603,554
25.89665,534
25.91727,553
25.93789,513
25.95851,559
25.97912,538
25.99974,526
26.02036,527
26.04098,522
26.0616,508
26.08221,550
26.10283,539
26.12345,505
26.14407,528
26.16469,522
26.18531,531
26.20592,527
26.22654,565
26.24716,494
26.26778,509
26.2884,546
26.30902,527
26.32963,534
26.35025,509
26.37087,558
26.39149,514
26.41211,508
26.43272,539
26.45334,554
26.47396,558
26.49458,533
26.5152,515
26.53582,504
26.55643,518
26.57705,568
26.59767,480
26.61829,531
26.63891,518
26.65952,540
26.68014,552
26.70076,511
26.72138,519
26.742,475
26.76262,507
26.78323,540
26.80385,523
26.82447,512
26.84509,520
26.86571,519
26.88633,550
26.90694,521
26.92756,514
26.94818,557
26.9688,543
26.98942,501
27.01003,499
27.03065,476
27.05127,533
27.07189,531
27.09251,522
27.11313,504
27.13374,522
27.15436,535
27.17498,513
27.1956,511
27.21622,568
27.23684,517
27.25745,542
27.27807,562
27.29869,527
27.31931,483
27.33993,494
27.36054,522
27.38116,547
27.40178,534
27.4224,483
27.44302,505
27.46364,451
27.48425,520
27.50487,534
27.52549,502
27.54611,480
27.56673,572
27.58734,520
27.60796,520
27.62858,496
27.6492,482
27.66982,500
27.69044,526
27.71105,528
27.73167,519
27.75229,537
27.77291,491
27.79353,487
27.81415,515
27.83476,514
27.85538,544
27.876,535
27.89662,481
27.91724,508
27.93785,475
27.95847,494
27.97909,521
27.99971,528
28.02033,471
28.04095,548
28.06156,538
28.08218,528
28.1028,538
28.12342,512
28.14404,504
28.16466,480
28.18527,552
28.20589,510
28.22651,485
28.24713,483
28.26775,488
28.28836,492
28.30898,540
28.3296,460
28.35022,497
28.37084,518
28.39146,502
28.41207,515
28.43269,475
28.45331,475
28.47393,505
28.49455,510
28.51517,515
28.53578,471
28.5564,504
28.57702,539
28.59764,497
28.61826,484
28.63887,551
28.65949,518
28.68011,497
28.70073,533
28.72135,501
28.74197,496
28.76258,483
28.7832,474
28.80382,537
28.82444,486
28.84506,506
28.86567,490
28.88629,471
28.90691,483
28.92753,485
28.94815,525
28.96877,481
28.98938,521
29.01,508
29.03062,494
29.05124,544
29.07186,515
29.09248,471
29.11309,484
29.13371,475
29.15433,502
29.17495,499
29.19557,504
29.21618,472
29.2368,512
29.25742,503
29.27804,501
29.29866,503
29.31928,527
29.33989,508
29.36051,489
29.38113,492
29.40175,472
29.42237,475
29.44299,494
29.4636,455
29.48422,501
29.50484,472
29.52546,487
29.54608,510
29.56669,474
29.58731,491
29.60793,495
29.62855,485
29.64917,490
29.66979,463
29.6904,464
29.71102,476
29.73164,501
29.75226,484
29.77288,484
29.79349,478
29.81411,534
29.83473,471
29.85535,502
29.87597,480
29.89659,449
29.9172,520
29.93782,522
29.95844,491
29.97906,457
29.99968,481
30.0203,493
30.04091,512
30.06153,497
30.08215,507
30.10277,536
30.12339,510
30.144,459
30.16462,485
30.18524,457
30.20586,481
30.22648,438
30.2471,474
30.26771,482
30.28833,448
30.30895,536
30.32957,482
30.35019,485
30.37081,471
30.39142,475
30.41204,442
30.43266,502
30.45328,517
30.4739,434
30.49451,517
30.51513,471
30.53575,486
30.55637,451
30.57699,485
30.59761,506
30.61822,486
30.63884,485
30.65946,486
30.68008,487
30.7007,495
30.72132,539
30.74193,451
30.76255,488
30.78317,501
30.80379,503
30.82441,488
30.84502,460
30.86564,467
30.88626,513
30.90688,524
30.9275,605
30.94812,604
30.96873,605
30.98935,566
31.00997,526
31.03059,472
31.05121,476
31.07182,486
31.09244,513
31.11306,498
31.13368,520
31.1543,523
31.17492,476
31.19553,454
31.21615,459
31.23677,523
31.25739,503
31.27801,500
31.29863,493
31.31924,567
31.33986,537
31.36048,502
31.3811,492
31.40172,526
31.42233,497
31.44295,508
31.46357,505
31.48419,524
31.50481,525
31.52543,571
31.54604,564
31.56666,597
31.58728,579
31.6079,590
31.62852,607
31.64914,598
31.66975,642
31.69037,656
31.71099,729
31.73161,691
31.75223,739
31.77284,734
31.79346,726
31.81408,775
31.8347,773
31.85532,734
31.87594,734
31.89655,672
31.91717,679
31.93779,684
31.95841,645
31.97903,658
31.99964,607
32.02026,609
32.04088,588
32.0615,540
32.08212,548
32.10274,510
32.12335,537
32.14397,509
32.16459,504
32.18521,520
32.20583,483
32.22645,495
32.24706,510
32.26768,451
32.2883,499
32.30892,481
32.32954,470
32.35015,450
32.37077,524
32.39139,482
32.41201,446
32.43263,486
32.45325,455
32.47386,483
32.49448,465
32.5151,463
32.53572,450
32.55634,440
32.57696,474
32.59757,469
32.61819,443
32.63881,435
32.65943,443
32.68005,469
32.70066,427
32.72128,445
32.7419,439
32.76252,442
32.78314,455
32.80376,451
32.82437,488
32.84499,461
32.86561,487
32.88623,463
32.90685,461
32.92746,473
32.94808,454
32.9687,469
32.98932,425
33.00994,441
33.03056,450
33.05117,465
33.07179,460
33.09241,457
33.11303,472
33.13365,455
33.15427,440
33.17488,448
33.1955,500
33.21612,464
33.23674,482
33.25736,477
33.27797,449
33.29859,507
33.31921,481
33.33983,467
33.36045,516
33.38107,501
33.40168,513
33.4223,478
33.44292,463
33.46354,458
33.48416,487
33.50478,479
33.52539,418
33.54601,430
33.56663,494
33.58725,463
33.60787,449
33.62848,470
33.6491,427
33.66972,442
33.69034,439
33.71096,482
33.73158,502
33.75219,454
33.77281,507
33.79343,491
33.81405,488
33.83467,505
33.85529,490
33.8759,482
33.89652,500
33.91714,498
33.93776,500
33.95838,552
33.97899,554
33.99961,563
34.02023,565
34.04085,592
34.06147,578
34.08209,588
34.1027,679
34.12332,645
34.14394,708
34.16456,722
34.18518,808
34.20579,925
34.22641,1102
34.24703,1344
34.26765,1649
34.28827,1958
34.30889,2206
34.3295,3042
34.35012,4536
34.37074,8381
34.39136,17688
34.41198,35971
34.4326,60621
34.45321,51216
34.47383,27216
34.49445,32378
34.51507,33378
34.53569,20168
34.5563,10915
34.57692,5744
34.59754,3743
34.61816,2880
34.63878,2299
34.6594,1912
34.68001,1566
34.70063,1418
34.72125,1239
34.74187,1135
34.76249,1065
34.78311,898
34.80372,766
34.82434,766
34.84496,733
34.86558,697
34.8862,708
34.90681,690
34.92743,667
34.94805,631
34.96867,617
34.98929,643
35.00991,625
35.03052,579
35.05114,591
35.07176,602
35.09238,586
35.113,585
35.13361,600
35.15423,588
35.17485,581
35.19547,552
35.21609,548
35.23671,534
35.25732,593
35.27794,521
35.29856,559
35.31918,550
35.3398,538
35.36042,538
35.38103,530
35.40165,549
35.42227,557
35.44289,508
35.46351,540
35.48412,525
35.50474,528
35.52536,529
35.54598,551
35.5666,551
35.58722,568
35.60783,572
35.62845,524
35.64907,545
35.66969,552
35.69031,520
35.71093,534
35.73154,516
35.75216,572
35.77278,585
35.7934,574
35.81402,554
35.83463,563
35.85525,558
35.87587,559
35.89649,593
35.91711,568
35.93773,598
35.95834,599
35.97896,615
35.99958,648
36.0202,639
36.04082,766
36.06144,736
36.08205,803
36.10267,908
36.12329,1054
36.14391,1201
36.16453,1337
36.18514,1495
36.20576,1470
36.22638,1320
36.247,1264
36.26762,1304
36.28824,1194
36.30885,1020
36.32947,913
36.35009,807
36.37071,766
36.39133,712
36.41194,666
36.43256,623
36.45318,625
36.4738,567
36.49442,584
36.51504,549
36.53565,528
36.55627,549
36.57689,526
36.59751,538
36.61813,504
36.63875,483
36.65936,522
36.67998,553
36.7006,456
36.72122,466
36.74184,496
36.76245,499
36.78307,490
36.80369,442
36.82431,495
36.84493,498
36.86555,447
36.88616,430
36.90678,495
36.9274,426
36.94802,488
36.96864,472
36.98926,470
37.00987,450
37.03049,413
37.05111,452
37.07173,480
37.09235,425
37.11296,398
37.13358,460
37.1542,459
37.17482,427
37.19544,431
37.21606,461
37.23667,428
37.25729,420
37.27791,453
37.29853,466
37.31915,470
37.33976,410
37.36038,465
37.381,478
37.40162,460
37.42224,461
37.44286,474
37.46347,475
37.48409,483
37.50471,464
37.52533,458
37.54595,418
37.56657,424
37.58718,489
37.6078,461
37.62842,498
37.64904,501
37.66966,471
37.69027,501
37.71089,501
37.73151,531
37.75213,484
37.77275,535
37.79337,526
37.81398,546
37.8346,570
37.85522,527
37.87584,568
37.89646,589
37.91708,586
37.93769,648
37.95831,659
37.97893,640
37.99955,607
38.02017,688
38.04078,719
38.0614,700
38.08202,710
38.10264,751
38.12326,737
38.14388,719
38.16449,725
38.18511,758
38.20573,782
38.22635,683
38.24697,695
38.26758,681
38.2882,674
38.30882,655
38.32944,647
38.35006,622
38.37068,666
38.39129,558
38.41191,544
38.43253,561
38.45315,509
38.47377,526
38.49439,577
38.515,517
38.53562,533
38.55624,517
38.57686,497
38.59748,473
38.61809,516
38.63871,453
38.65933,503
38.67995,424
38.70057,456
38.72119,444
38.7418,435
38.76242,420
38.78304,458
38.80366,469
38.82428,428
38.8449,395
38.86551,392
38.88613,437
38.90675,393
38.92737,426
38.94799,409
38.9686,383
38.98922,417
39.00984,390
39.03046,405
39.05108,371
39.0717,367
39.09231,400
39.11293,420
39.13355,368
39.15417,389
39.17479,398
39.19541,396
39.21602,372
39.23664,378
39.25726,426
39.27788,383
39.2985,331
39.31911,384
39.33973,375
39.36035,326
39.38097,360
39.40159,369
39.42221,341
39.44282,352
39.46344,379
39.48406,396
39.50468,395
39.5253,373
39.54591,373
39.56653,354
39.58715,341
39.60777,348
39.62839,354
39.64901,351
39.66962,377
39.69024,354
39.71086,312
39.73148,387
39.7521,391
39.77272,342
39.79333,370
39.81395,350
39.83457,370
39.85519,355
39.87581,342
39.89642,362
39.91704,316
39.93766,343
39.95828,344
39.9789,340
39.99952,376
40.02013,369
40.04075,399
40.06137,327
40.08199,351
40.10261,338
40.12323,327
40.14384,368
40.16446,398
40.18508,358
40.2057,346
40.22632,354
40.24693,359
40.26755,368
40.28817,354
40.30879,343
40.32941,348
40.35003,361
40.37064,351
40.39126,357
40.41188,333
40.4325,343
40.45312,357
40.47373,341
40.49435,330
40.51497,348
40.53559,331
40.55621,325
40.57683,369
40.59744,340
40.61806,356
40.63868,340
40.6593,324
40.67992,341
40.70054,340
40.72115,368
40.74177,316
40.76239,328
40.78301,322
40.80363,356
40.82424,310
40.84486,309
40.86548,335
40.8861,342
40.90672,316
40.92734,348
40.94795,347
40.96857,304
40.98919,334
41.00981,333
41.03043,353
41.05105,371
41.07166,331
41.09228,393
41.1129,343
41.13352,329
41.15414,336
41.17475,333
41.19537,327
41.21599,326
41.23661,349
41.25723,355
41.27785,362
41.29846,340
41.31908,328
41.3397,315
41.36032,320
41.38094,305
41.40155,304
41.42217,312
41.44279,354
41.46341,329
41.48403,341
41.50465,350
41.52526,315
41.54588,315
41.5665,322
41.58712,328
41.60774,325
41.62836,360
41.64897,305
41.66959,317
41.69021,299
41.71083,314
41.73145,325
41.75206,339
41.77268,316
41.7933,318
41.81392,342
41.83454,317
41.85516,327
41.87577,336
41.89639,320
41.91701,323
41.93763,312
41.95825,328
41.97887,290
41.99948,361
42.0201,313
42.04072,309
42.06134,312
42.08196,317
42.10257,359
42.12319,353
42.14381,339
42.16443,318
42.18505,361
42.20567,329
42.22628,317
42.2469,324
42.26752,345
42.28814,330
42.30876,321
42.32938,343
42.34999,303
42.37061,275
42.39123,324
42.41185,339
42.43247,346
42.45308,329
42.4737,318
42.49432,304
42.51494,285
42.53556,327
42.55618,308
42.57679,359
42.59741,332
42.61803,361
42.63865,342
42.65927,338
42.67988,311
42.7005,312
42.72112,312
42.74174,322
42.76236,303
42.78298,333
42.80359,320
42.82421,367
42.84483,322
42.86545,316
42.88607,305
42.90669,371
42.9273,312
42.94792,298
42.96854,352
42.98916,315
43.00978,332
43.03039,312
43.05101,276
43.07163,333
43.09225,327
43.11287,324
43.13349,292
43.1541,313
43.17472,325
43.19534,338
43.21596,326
43.23658,328
43.2572,287
43.27781,318
43.29843,377
43.31905,334
43.33967,351
43.36029,322
43.3809,322
43.40152,323
43.42214,324
43.44276,349
43.46338,352
43.484,350
43.50461,336
43.52523,330
43.54585,358
43.56647,317
43.58709,325
43.6077,376
43.62832,354
43.64894,350
43.66956,336
43.69018,338
43.7108,338
43.73141,354
43.75203,347
43.77265,353
43.79327,371
43.81389,373
43.83451,324
43.85512,364
43.87574,358
43.89636,332
43.91698,367
43.9376,383
43.95821,349
43.97883,349
43.99945,360
44.02007,394
44.04069,377
44.06131,388
44.08192,378
44.10254,350
44.12316,401
44.14378,353
44.1644,367
44.18502,334
44.20563,372
44.22625,418
44.24687,343
44.26749,399
44.28811,426
44.30872,387
44.32934,375
44.34996,371
44.37058,389
44.3912,379
44.41182,368
44.43243,365
44.45305,376
44.47367,388
44.49429,345
44.51491,363
44.53553,343
44.55614,373
44.57676,371
44.59738,353
44.618,354
44.63862,342
44.65923,329
44.67985,352
44.70047,329
44.72109,353
44.74171,340
44.76233,342
44.78294,354
44.80356,324
44.82418,340
44.8448,326
44.86542,301
44.88603,353
44.90665,339
44.92727,323
44.94789,359
44.96851,326
44.98913,313
45.00974,299
45.03036,313
45.05098,350
45.0716,306
45.09222,300
45.11284,293
45.13345,264
45.15407,335
45.17469,332
45.19531,326
45.21593,291
45.23654,316
45.25716,299
45.27778,307
45.2984,302
45.31902,327
45.33964,326
45.36025,314
45.38087,274
45.40149,285
45.42211,287
45.44273,270
45.46335,289
45.48396,299
45.50458,277
45.5252,276
45.54582,294
45.56644,271
45.58705,300
45.60767,297
45.62829,283
45.64891,263
45.66953,330
45.69015,312
45.71076,306
45.73138,298
45.752,290
45.77262,276
45.79324,309
45.81385,296
45.83447,305
45.85509,317
45.87571,257
45.89633,270
45.91695,302
45.93756,274
45.95818,315
45.9788,294
45.99942,309
46.02004,306
46.04066,283
46.06127,302
46.08189,306
46.10251,275
46.12313,270
46.14375,289
46.16436,283
46.18498,301
46.2056,295
46.22622,285
46.24684,282
46.26746,273
46.28807,283
46.30869,299
46.32931,267
46.34993,311
46.37055,267
46.39117,284
46.41178,283
46.4324,311
46.45302,291
46.47364,262
46.49426,298
46.51487,340
46.53549,280
46.55611,313
46.57673,280
46.59735,285
46.61797,288
46.63858,284
46.6592,253
46.67982,277
46.70044,268
46.72106,305
46.74167,264
46.76229,296
46.78291,302
46.80353,282
46.82415,297
46.84477,320
46.86538,289
46.886,267
46.90662,288
46.92724,277
46.94786,300
46.96848,281
46.98909,263
47.00971,306
47.03033,323
47.05095,286
47.07157,322
47.09218,288
47.1128,271
47.13342,323
47.15404,307
47.17466,288
47.19528,321
47.21589,318
47.23651,337
47.25713,316
47.27775,344
47.29837,359
47.31899,359
47.3396,390
47.36022,465
47.38084,487
47.40146,559
47.42208,749
47.44269,904
47.46331,1108
47.48393,1136
47.50455,985
47.52517,812
47.54579,790
47.5664,776
47.58702,765
47.60764,767
47.62826,632
47.64888,545
47.6695,438
47.69011,409
47.71073,370
47.73135,330
47.75197,310
47.77259,344
47.7932,293
47.81382,327
47.83444,307
47.85506,285
47.87568,307
47.8963,284
47.91691,275
47.93753,285
47.95815,258
47.97877,254
47.99939,297
48.02,273
48.04062,300
48.06124,277
48.08186,283
48.10248,281
48.1231,283
48.14371,278
48.16433,279
48.18495,291
48.20557,264
48.22619,246
48.24681,251
48.26742,251
48.28804,261
48.30866,297
48.32928,263
48.3499,246
48.37051,263
48.39113,284
48.41175,264
48.43237,253
48.45299,251
48.47361,248
48.49422,271
48.51484,256
48.53546,287
48.55608,267
48.5767,230
48.59732,248
48.61793,279
48.63855,279
48.65917,292
48.67979,264
48.70041,249
48.72102,243
48.74164,244
48.76226,258
48.78288,291
48.8035,256
48.82412,282
48.84473,257
48.86535,251
48.88597,259
48.90659,244
48.92721,253
48.94782,264
48.96844,254
48.98906,268
49.00968,253
49.0303,272
49.05092,283
49.07153,248
49.09215,253
49.11277,231
49.13339,253
49.15401,275
49.17463,241
49.19524,252
49.21586,252
49.23648,278
49.2571,260
49.27772,272
49.29833,256
49.31895,240
49.33957,268
49.36019,242
49.38081,271
49.40143,236
49.42204,260
49.44266,268
49.46328,268
49.4839,231
49.50452,253
49.52514,267
49.54575,257
49.56637,268
49.58699,258
49.60761,232
49.62823,271
49.64884,262
49.66946,257
49.69008,254
49.7107,265
49.73132,230
49.75194,264
49.77255,240
49.79317,249
49.81379,238
49.83441,253
49.85503,244
49.87565,277
49.89626,250
49.91688,260
49.9375,261
49.95812,258
49.97874,261
49.99935,275
50.01997,286
50.04059,280
50.06121,259
50.08183,261
50.10245,243
50.12306,271
50.14368,256
50.1643,228
50.18492,248
50.20554,262
50.22615,251
50.24677,259
50.26739,237
50.28801,252
50.30863,242
50.32925,236
50.34986,264
50.37048,251
50.3911,216
50.41172,257
50.43234,258
50.45296,261
50.47357,268
50.49419,272
50.51481,256
50.53543,252
50.55605,247
50.57666,259
50.59728,244
50.6179,256
50.63852,258
50.65914,242
50.67976,247
50.70037,229
50.72099,250
50.74161,223
50.76223,258
50.78285,246
50.80347,250
50.82408,228
50.8447,237
50.86532,246
50.88594,252
50.90656,254
50.92717,243
50.94779,241
50.96841,266
50.98903,230
51.00965,241
51.03027,266
51.05088,254
51.0715,245
51.09212,240
51.11274,240
51.13336,233
51.15397,225
51.17459,255
51.19521,261
51.21583,235
51.23645,219
51.25707,240
51.27768,252
51.2983,262
51.31892,223
51.33954,252
51.36016,238
51.38078,226
51.40139,259
51.42201,266
51.44263,260
51.46325,243
51.48387,218
51.50448,276
51.5251,246
51.54572,254
51.56634,261
51.58696,249
51.60758,248
51.62819,237
51.64881,246
51.66943,247
51.69005,256
51.71067,243
51.73129,258
51.7519,277
51.77252,245
51.79314,246
51.81376,241
51.83438,267
51.85499,231
51.87561,240
51.89623,253
51.91685,253
51.93747,244
51.95809,278
51.9787,235
51.99932,230
52.01994,262
52.04056,249
52.06118,246
52.08179,250
52.10241,267
52.12303,222
52.14365,236
52.16427,231
52.18489,252
52.2055,293
52.22612,239
52.24674,256
52.26736,243
52.28798,209
52.3086,258
52.32921,219
52.34983,227
52.37045,237
52.39107,238
52.41169,229
52.4323,202
52.45292,252
52.47354,249
52.49416,225
52.51478,246
52.5354,245
52.55601,253
52.57663,229
52.59725,244
52.61787,279
52.63849,235
52.65911,227
52.67972,234
52.70034,221
52.72096,248
52.74158,241
52.7622,233
52.78281,232
52.80343,252
52.82405,257
52.84467,223
52.86529,266
52.88591,277
52.90652,208
52.92714,224
52.94776,243
52.96838,256
52.989,257
53.00962,226
53.03023,231
53.05085,240
53.07147,231
53.09209,253
53.11271,253
53.13332,257
53.15394,220
53.17456,236
53.19518,229
53.2158,248
53.23642,238
53.25703,252
53.27765,245
53.29827,245
53.31889,230
53.33951,265
53.36012,231
53.38074,227
53.40136,230
53.42198,248
53.4426,235
53.46322,224
53.48383,215
53.50445,246
53.52507,270
53.54569,241
53.56631,238
53.58693,252
53.60754,223
53.62816,232
53.64878,227
53.6694,219
53.69002,203
53.71063,241
53.73125,253
53.75187,243
53.77249,256
53.79311,267
53.81373,244
53.83434,256
53.85496,262
53.87558,216
53.8962,249
53.91682,210
53.93744,252
53.95805,205
53.97867,230
53.99929,263
54.01991,259
54.04053,240
54.06114,236
54.08176,239
54.10238,241
54.123,271
54.14362,245
54.16424,256
54.18485,234
54.20547,232
54.22609,241
54.24671,242
54.26733,254
54.28794,215
54.30856,261
54.32918,260
54.3498,223
54.37042,220
54.39104,243
54.41165,245
54.43227,228
54.45289,223
54.47351,260
54.49413,252
54.51475,220
54.53536,245
54.55598,255
54.5766,253
54.59722,251
54.61784,262
54.63845,265
54.65907,235
54.67969,253
54.70031,220
54.72093,229
54.74155,244
54.76216,271
54.78278,236
54.8034,249
54.82402,272
54.84464,255
54.86526,230
54.88587,254
54.90649,268
54.92711,230
54.94773,259
54.96835,245
54.98896,279
55.00958,270
55.0302,241
55.05082,239
55.07144,236
55.09206,247
55.11267,250
55.13329,233
55.15391,234
55.17453,253
55.19515,256
55.21576,247
55.23638,239
55.257,243
55.27762,219
55.29824,247
55.31886,265
55.33947,231
55.36009,228
55.38071,261
55.40133,265
55.42195,248
55.44257,244
55.46318,262
55.4838,256
55.50442,235
55.52504,249
55.54566,250
55.56627,249
55.58689,253
55.60751,274
55.62813,253
55.64875,224
55.66937,263
55.68998,248
55.7106,261
55.73122,255
55.75184,239
55.77246,235
55.79308,240
55.81369,227
55.83431,233
55.85493,297
55.87555,280
55.89617,261
55.91678,255
55.9374,239
55.95802,227
55.97864,258
55.99926,247
56.01988,260
56.04049,233
56.06111,250
56.08173,246
56.10235,268
56.12297,248
56.14359,264
56.1642,244
56.18482,285
56.20544,261
56.22606,247
56.24668,236
56.26729,275
56.28791,281
56.30853,269
56.32915,277
56.34977,266
56.37039,287
56.391,282
56.41162,271
56.43224,317
56.45286,294
56.47348,302
56.49409,341
56.51471,328
56.53533,297
56.55595,339
56.57657,314
56.59719,312
56.6178,330
56.63842,303
56.65904,284
56.67966,312
56.70028,323
56.7209,300
56.74151,286
56.76213,266
56.78275,268
56.80337,262
56.82399,269
56.8446,292
56.86522,271
56.88584,265
56.90646,246
56.92708,247
56.9477,265
56.96831,246
56.98893,276
57.00955,273
57.03017,255
57.05079,228
57.07141,235
57.09202,272
57.11264,241
57.13326,243
57.15388,228
57.1745,233
57.19511,275
57.21573,239
57.23635,262
57.25697,221
57.27759,248
57.29821,246
57.31882,213
57.33944,258
57.36006,258
57.38068,262
57.4013,256
57.42191,244
57.44253,285
57.46315,256
57.48377,241
57.50439,265
57.52501,253
57.54562,231
57.56624,269
57.58686,242
57.60748,231
57.6281,270
57.64872,234
57.66933,239
57.68995,235
57.71057,272
57.73119,253
57.75181,229
57.77242,245
57.79304,232
57.81366,251
57.83428,254
57.8549,271
57.87552,238
57.89613,256
57.91675,260
57.93737,242
57.95799,219
57.97861,245
57.99923,268
58.01984,238
58.04046,240
58.06108,228
58.0817,261
58.10232,258
58.12293,233
58.14355,257
58.16417,293
58.18479,215
58.20541,249
58.22603,244
58.24664,244
58.26726,224
58.28788,247
58.3085,240
58.32912,233
58.34974,231
58.37035,234
58.39097,239
58.41159,225
58.43221,267
58.45283,262
58.47344,244
58.49406,205
58.51468,218
58.5353,229
58.55592,232
58.57654,253
58.59715,257
58.61777,253
58.63839,246
58.65901,210
58.67963,250
58.70024,247
58.72086,243
58.74148,239
58.7621,233
58.78272,270
58.80334,269
58.82395,239
58.84457,224
58.86519,249
58.88581,221
58.90643,259
58.92705,250
58.94766,231
58.96828,242
58.9889,241
59.00952,266
59.03014,254
59.05075,264
59.07137,251
59.09199,274
59.11261,248
59.13323,242
59.15385,243
59.17446,228
59.19508,226
59.2157,228
59.23632,253
59.25694,239
59.27756,265
59.29817,237
59.31879,268
59.33941,250
59.36003,242
59.38065,247
59.40126,221
59.42188,235
59.4425,226
59.46312,222
59.48374,250
59.50436,241
59.52497,248
59.54559,235
59.56621,228
59.58683,234
59.60745,248
59.62806,227
59.64868,256
59.6693,228
59.68992,241
59.71054,238
59.73116,263
59.75177,239
59.77239,248
59.79301,241
59.81363,246
59.83425,238
59.85487,239
59.87548,218
59.8961,213
59.91672,233
59.93734,233
59.95796,258
59.97857,237
59.99919,241
60.01981,236
60.04043,265
60.06105,244
60.08167,257
60.10228,237
60.1229,244
60.14352,229
60.16414,266
60.18476,244
60.20538,237
60.22599,230
60.24661,219
60.26723,245
60.28785,239
60.30847,226
60.32908,273
60.3497,239
60.37032,229
60.39094,247
60.41156,246
60.43218,265
60.45279,259
60.47341,235
60.49403,246
60.51465,220
60.53527,290
60.55588,243
60.5765,264
60.59712,267
60.61774,259
60.63836,239
60.65898,269
60.67959,231
60.70021,244
60.72083,207
60.74145,269
60.76207,223
60.78269,257
60.8033,237
60.82392,260
60.84454,260
60.86516,250
60.88578,254
60.90639,233
60.92701,250
60.94763,242
60.96825,245
60.98887,245
61.00949,267
61.0301,260
61.05072,248
61.07134,228
61.09196,244
61.11258,212
61.1332,271
61.15381,225
61.17443,247
61.19505,250
61.21567,269
61.23629,270
61.2569,239
61.27752,216
61.29814,234
61.31876,227
61.33938,255
61.36,238
61.38061,269
61.40123,233
61.42185,246
61.44247,253
61.46309,255
61.48371,250
61.50432,269
61.52494,239
61.54556,264
61.56618,255
61.5868,250
61.60741,249
61.62803,243
61.64865,231
61.66927,213
61.68989,254
61.71051,278
61.73112,263
61.75174,280
61.77236,271
61.79298,224
61.8136,253
61.83421,254
61.85483,241
61.87545,250
61.89607,262
61.91669,303
61.93731,260
61.95792,251
61.97854,252
61.99916,264
62.01978,238
62.0404,243
62.06102,259
62.08163,267
62.10225,263
62.12287,247
62.14349,290
62.16411,259
62.18472,248
62.20534,254
62.22596,255
62.24658,263
62.2672,245
62.28782,286
62.30843,278
62.32905,270
62.34967,290
62.37029,270
62.39091,267
62.41153,264
62.43214,305
62.45276,320
62.47338,310
62.494,319
62.51462,342
62.53523,327
62.55585,343
62.57647,372
62.59709,390
62.61771,411
62.63833,473
62.65894,537
62.67956,649
62.70018,845
62.7208,1125
62.74142,1592
62.76203,2124
62.78265,2552
62.80327,2547
62.82389,1979
62.84451,1475
62.86513,1106
62.88574,1070
62.90636,1115
62.92698,1307
62.9476,1527
62.96822,1557
62.98884,1342
63.00945,989
63.03007,771
63.05069,582
63.07131,477
63.09193,452
63.11254,405
63.13316,410
63.15378,352
63.1744,293
63.19502,322
63.21564,315
63.23625,317
63.25687,279
63.27749,297
63.29811,311
63.31873,261
63.33935,287
63.35996,294
63.38058,272
63.4012,259
63.42182,274
63.44244,265
63.46305,248
63.48367,259
63.50429,265
63.52491,248
63.54553,271
63.56615,263
63.58676,287
63.60738,246
63.628,243
63.64862,252
63.66924,240
63.68986,269
63.71047,256
63.73109,246
63.75171,263
63.77233,254
63.79295,266
63.81356,275
63.83418,231
63.8548,244
63.87542,266
63.89604,286
63.91666,255
63.93727,281
63.95789,276
63.97851,238
63.99913,260
64.01975,256
64.04036,268
64.06098,285
64.0816,267
64.10222,277
64.12284,261
64.14346,269
64.16407,278
64.18469,251
64.20531,263
64.22593,253
64.24655,265
64.26717,250
64.28778,248
64.3084,250
64.32902,284
64.34964,271
64.37026,243
64.39087,254
64.41149,264
64.43211,253
64.45273,278
64.47335,310
64.49397,269
64.51458,282
64.5352,284
64.55582,280
64.57644,284
64.59706,318
64.61768,296
64.63829,250
64.65891,275
64.67953,273
64.70015,268
64.72077,297
64.74138,279
64.762,260
64.78262,271
64.80324,289
64.82386,270
64.84448,260
64.86509,291
64.88571,258
64.90633,268
64.92695,257
64.94757,263
64.96818,272
64.9888,259
65.00942,246
65.03004,283
65.05066,250
65.07128,253
65.09189,257
65.11251,261
65.13313,238
65.15375,278
65.17437,225
65.19499,219
65.2156,254
65.23622,250
65.25684,267
65.27746,241
65.29808,249
65.31869,242
65.33931,266
65.35993,223
65.38055,247
65.40117,275
65.42179,236
65.4424,265
65.46302,249
65.48364,230
65.50426,236
65.52488,259
65.5455,242
65.56611,246
65.58673,264
65.60735,252
65.62797,216
65.64859,224
65.6692,215
65.68982,202
65.71044,242
65.73106,260
65.75168,248
65.7723,232
65.79291,246
65.81353,243
65.83415,225
65.85477,259
65.87539,241
65.896,222
65.91662,230
65.93724,208
65.95786,244
65.97848,226
65.9991,212
66.01971,228
66.04033,229
66.06095,244
66.08157,248
66.10219,237
66.12281,256
66.14342,238
66.16404,233
66.18466,234
66.20528,265
66.2259,227
66.24651,239
66.26713,249
66.28775,252
66.30837,237
66.32899,211
66.34961,274
66.37022,239
66.39084,233
66.41146,248
66.43208,247
66.4527,235
66.47332,220
66.49393,236
66.51455,234
66.53517,242
66.55579,262
66.57641,227
66.59702,222
66.61764,209
66.63826,249
66.65888,220
66.6795,230
66.70012,242
66.72073,219
66.74135,220
66.76197,254
66.78259,239
66.80321,215
66.82383,241
66.84444,231
66.86506,207
66.88568,247
66.9063,225
66.92692,229
66.94753,221
66.96815,193
66.98877,203
67.00939,216
67.03001,233
67.05063,206
67.07124,211
67.09186,229
67.11248,210
67.1331,227
67.15372,210
67.17433,209
67.19495,229
67.21557,254
67.23619,239
67.25681,251
67.27743,233
67.29804,207
67.31866,233
67.33928,246
67.3599,228
67.38052,218
67.40114,205
67.42175,221
67.44237,250
67.46299,239
67.48361,232
67.50423,237
67.52484,239
67.54546,228
67.56608,257
67.5867,231
67.60732,243
67.62794,239
67.64855,244
67.66917,267
67.68979,249
67.71041,267
67.73103,278
67.75165,297
67.77226,315
67.79288,342
67.8135,318
67.83412,343
67.85474,368
67.87535,365
67.89597,376
67.91659,358
67.93721,300
67.95783,315
67.97845,319
67.99906,274
68.01968,333
68.0403,336
68.06092,295
68.08154,280
68.10215,273
68.12277,277
68.14339,227
68.16401,242
68.18463,238
68.20525,234
68.22586,262
68.24648,246
68.2671,267
68.28772,241
68.30834,223
68.32896,242
68.34957,210
68.37019,249
68.39081,240
68.41143,245
68.43205,235
68.45266,214
68.47328,228
68.4939,240
68.51452,243
68.53514,240
68.55576,217
68.57637,222
68.59699,221
68.61761,221
68.63823,245
68.65885,240
68.67947,213
68.70008,230
68.7207,228
68.74132,233
68.76194,219
68.78256,225
68.80317,239
68.82379,229
68.84441,228
68.86503,208
68.88565,208
68.90627,239
68.92688,241
68.9475,258
68.96812,271
68.98874,228
69.00936,267
69.02998,232
69.05059,260
69.07121,213
69.09183,213
69.11245,224
69.13307,208
69.15368,225
69.1743,223
69.19492,221
69.21554,247
69.23616,205
69.25678,225
69.27739,246
69.29801,225
69.31863,200
69.33925,209
69.35987,235
69.38048,201
69.4011,214
69.42172,216
69.44234,227
69.46296,190
69.48358,215
69.50419,224
69.52481,196
69.54543,215
69.56605,196
69.58667,205
69.60729,222
69.6279,223
69.64852,197
69.66914,197
69.68976,215
69.71038,234
69.73099,196
69.75161,229
69.77223,201
69.79285,220
69.81347,212
69.83409,211
69.8547,194
69.87532,189
69.89594,199
69.91656,208
69.93718,215
69.9578,199
69.97841,189
69.99903,250
70.01965,215
70.04027,231
70.06089,207
70.0815,228
70.10212,196
70.12274,208
70.14336,200
70.16398,189
70.1846,195
70.20521,229
70.22583,213
70.24645,183
70.26707,207
70.28769,212
70.3083,213
70.32892,224
70.34954,196
70.37016,188
70.39078,215
70.4114,220
70.43201,189
70.45263,223
70.47325,206
70.49387,208
70.51449,205
70.53511,212
70.55572,211
70.57634,216
70.59696,224
70.61758,205
70.6382,227
70.65881,216
70.67943,184
70.70005,186
70.72067,209
70.74129,196
70.76191,183
70.78252,200
70.80314,191
70.82376,196
70.84438,200
70.865,189
70.88562,199
70.90623,211
70.92685,194
70.94747,200
70.96809,212
70.98871,195
