10,859
10.01947,869
10.03895,891
10.05842,856
10.07789,919
10.09736,904
10.11684,893
10.13631,886
10.15578,882
10.17525,907
10.19473,930
10.2142,936
10.23367,889
10.25315,943
10.27262,858
10.29209,941
10.31156,869
10.33104,935
10.35051,909
10.36998,954
10.38946,949
10.40893,942
10.4284,960
10.44787,968
10.46735,901
10.48682,927
10.50629,962
10.52576,928
10.54524,951
10.56471,958
10.58418,1003
10.60366,902
10.62313,975
10.6426,942
10.66207,1030
10.68155,1024
10.70102,968
10.72049,1004
10.73997,1023
10.75944,995
10.77891,949
10.79838,1021
10.81786,1021
10.83733,1028
10.8568,1038
10.87627,1009
10.89575,1079
10.91522,1047
10.93469,997
10.95417,1107
10.97364,1066
10.99311,1070
11.01258,1050
11.03206,1068
11.05153,1063
11.071,1065
11.09047,1082
11.10995,1105
11.12942,991
11.14889,1101
11.16837,1057
11.18784,1075
11.20731,1090
11.22678,1031
11.24626,1120
11.26573,1103
11.2852,1087
11.30468,1078
11.32415,1077
11.34362,1108
11.36309,1131
11.38257,1172
11.40204,1170
11.42151,1121
11.44098,1135
11.46046,1113
11.47993,1123
11.4994,1091
11.51888,1156
11.53835,1180
11.55782,1222
11.57729,1255
11.59677,1152
11.61624,1222
11.63571,1149
11.65519,1172
11.67466,1138
11.69413,1184
11.7136,1152
11.73308,1161
11.75255,1168
11.77202,1170
11.79149,1230
11.81097,1227
11.83044,1214
11.84991,1170
11.86939,1176
11.88886,1217
11.90833,1236
11.9278,1180
11.94728,1245
11.96675,1278
11.98622,1220
12.0057,1282
12.02517,1296
12.04464,1219
12.06411,1251
12.08359,1254
12.10306,1261
12.12253,1263
12.142,1268
12.16148,1275
12.18095,1266
12.20042,1325
12.2199,1276
12.23937,1261
12.25884,1264
12.27831,1306
12.29779,1261
12.31726,1278
12.33673,1227
12.3562,1267
12.37568,1296
12.39515,1291
12.41462,1302
12.4341,1238
12.45357,1256
12.47304,1344
12.49251,1298
12.51199,1250
12.53146,1317
12.55093,1304
12.57041,1299
12.58988,1304
12.60935,1271
12.62882,1280
12.6483,1268
12.66777,1309
12.68724,1215
12.70671,1299
12.72619,1351
12.74566,1324
12.76513,1342
12.78461,1275
12.80408,1318
12.82355,1349
12.84302,1367
12.8625,1348
12.88197,1274
12.90144,1353
12.92092,1287
12.94039,1314
12.95986,1302
12.97933,1327
12.99881,1307
13.01828,1374
13.03775,1322
13.05722,1361
13.0767,1283
13.09617,1263
13.11564,1333
13.13512,1325
13.15459,1377
13.17406,1341
13.19353,1363
13.21301,1255
13.23248,1321
13.25195,1243
13.27142,1320
13.2909,1283
13.31037,1240
13.32984,1363
13.34932,1351
13.36879,1394
13.38826,1356
13.40773,1342
13.42721,1306
13.44668,1292
13.46615,1290
13.48563,1369
13.5051,1254
13.52457,1326
13.54404,1292
13.56352,1261
13.58299,1303
13.60246,1290
13.62193,1323
13.64141,1234
13.66088,1269
13.68035,1347
13.69983,1319
13.7193,1263
13.73877,1285
13.75824,1333
13.77772,1309
13.79719,1247
13.81666,1255
13.83614,1327
13.85561,1275
13.87508,1253
13.89455,1266
13.91403,1332
13.9335,1336
13.95297,1210
13.97244,1193
13.99192,1239
14.01139,1234
14.03086,1201
14.05034,1215
14.06981,1267
14.08928,1253
14.10875,1211
14.12823,1283
14.1477,1231
14.16717,1268
14.18664,1229
14.20612,1203
14.22559,1321
14.24506,1241
14.26454,1230
14.28401,1177
14.30348,1163
14.32295,1244
14.34243,1260
14.3619,1232
14.38137,1233
14.40085,1214
14.42032,1295
14.43979,1288
14.45926,1239
14.47874,1267
14.49821,1202
14.51768,1219
14.53715,1236
14.55663,1268
14.5761,1172
14.59557,1203
14.61505,1194
14.63452,1258
14.65399,1293
14.67346,1245
14.69294,1116
14.71241,1226
14.73188,1246
14.75136,1193
14.77083,1174
14.7903,1229
14.80977,1220
14.82925,1247
14.84872,1252
14.86819,1196
14.88766,1207
14.90714,1227
14.92661,1159
14.94608,1237
14.96556,1197
14.98503,1147
15.0045,1203
15.02397,1180
15.04345,1150
15.06292,1178
15.08239,1172
15.10186,1169
15.12134,1169
15.14081,1123
15.16028,1255
15.17976,1183
15.19923,1146
15.2187,1174
15.23817,1164
15.25765,1172
15.27712,1122
15.29659,1132
15.31607,1161
15.33554,1087
15.35501,1179
15.37448,1112
15.39396,1180
15.41343,1169
15.4329,1095
15.45237,1114
15.47185,1130
15.49132,1149
15.51079,1174
15.53027,1102
15.54974,1151
15.56921,1096
15.58868,1147
15.60816,1145
15.62763,1119
15.6471,1148
15.66658,1107
15.68605,1155
15.70552,1192
15.72499,1154
15.74447,1102
15.76394,1106
15.78341,1166
15.80288,1082
15.82236,1111
15.84183,1084
15.8613,1083
15.88078,1080
15.90025,1131
15.91972,1019
15.93919,1162
15.95867,1102
15.97814,1100
15.99761,1123
16.01709,1111
16.03656,1062
16.05603,1062
16.0755,1166
16.09498,1141
16.11445,1063
16.13392,1091
16.15339,1138
16.17287,1108
16.19234,1022
16.21181,1088
16.23129,1062
16.25076,1040
16.27023,1090
16.2897,1105
16.30918,1164
16.32865,1033
16.34812,1073
16.36759,1032
16.38707,1083
16.40654,1040
16.42601,1096
16.44549,1001
16.46496,1048
16.48443,1056
16.5039,1024
16.52338,1040
16.54285,1052
16.56232,1078
16.5818,1095
16.60127,1080
16.62074,1057
16.64021,1097
16.65969,1081
16.67916,1007
16.69863,1056
16.7181,1101
16.73758,1061
16.75705,1055
16.77652,1050
16.796,1023
16.81547,1055
16.83494,1043
16.85441,1028
16.87389,1043
16.89336,1042
16.91283,1023
16.93231,1032
16.95178,1078
16.97125,1093
16.99072,1026
17.0102,1047
17.02967,1021
17.04914,1071
17.06861,1047
17.08809,1043
17.10756,1000
17.12703,1021
17.14651,1017
17.16598,1139
17.18545,996
17.20492,1046
17.2244,1019
17.24387,997
17.26334,1018
17.28281,1015
17.30229,1047
17.32176,1013
17.34123,977
17.36071,971
17.38018,1009
17.39965,1009
17.41912,943
17.4386,1054
17.45807,1009
17.47754,977
17.49702,1020
17.51649,1035
17.53596,1016
17.55543,1048
17.57491,993
17.59438,1006
17.61385,994
17.63332,959
17.6528,1015
17.67227,1028
17.69174,1030
17.71122,945
17.73069,977
17.75016,998
17.76963,993
17.78911,953
17.80858,936
17.82805,1013
17.84753,1003
17.867,1042
17.88647,974
17.90594,1024
17.92542,943
17.94489,914
17.96436,989
17.98383,965
18.00331,1019
18.02278,1017
18.04225,1046
18.06173,974
18.0812,935
18.10067,947
18.12014,1017
18.13962,962
18.15909,1007
18.17856,1051
18.19803,1046
18.21751,967
18.23698,940
18.25645,987
18.27593,941
18.2954,966
18.31487,969
18.33434,929
18.35382,999
18.37329,974
18.39276,978
18.41224,954
18.43171,949
18.45118,942
18.47065,932
18.49013,976
18.5096,918
18.52907,913
18.54854,878
18.56802,916
18.58749,965
18.60696,894
18.62644,982
18.64591,964
18.66538,915
18.68485,940
18.70433,939
18.7238,952
18.74327,954
18.76275,923
18.78222,940
18.80169,927
18.82116,929
18.84064,931
18.86011,938
18.87958,953
18.89905,984
18.91853,997
18.938,971
18.95747,952
18.97695,971
18.99642,945
19.01589,949
19.03536,932
19.05484,970
19.07431,1023
19.09378,905
19.11325,967
19.13273,879
19.1522,947
19.17167,879
19.19115,907
19.21062,962
19.23009,921
19.24956,860
19.26904,949
19.28851,900
19.30798,926
19.32746,921
19.34693,906
19.3664,908
19.38587,969
19.40535,910
19.42482,932
19.44429,988
19.46376,929
19.48324,908
19.50271,921
19.52218,921
19.54166,931
19.56113,910
19.5806,916
19.60007,909
19.61955,923
19.63902,884
19.65849,900
19.67797,936
19.69744,929
19.71691,948
19.73638,974
19.75586,910
19.77533,885
19.7948,924
19.81427,937
19.83375,930
19.85322,970
19.87269,908
19.89217,998
19.91164,959
19.93111,877
19.95058,892
19.97006,922
19.98953,912
20.009,928
20.02848,909
20.04795,906
20.06742,885
20.08689,898
20.10637,827
20.12584,904
20.14531,965
20.16478,875
20.18426,907
20.20373,882
20.2232,926
20.24268,910
20.26215,951
20.28162,925
20.30109,864
20.32057,866
20.34004,854
20.35951,894
20.37898,912
20.39846,948
20.41793,920
20.4374,928
20.45688,888
20.47635,919
20.49582,899
20.51529,836
20.53477,896
20.55424,871
20.57371,894
20.59319,874
20.61266,890
20.63213,890
20.6516,874
20.67108,896
20.69055,911
20.71002,935
20.72949,888
20.74897,875
20.76844,890
20.78791,868
20.80739,972
20.82686,929
20.84633,890
20.8658,880
20.88528,881
20.90475,948
20.92422,871
20.9437,924
20.96317,967
20.98264,902
21.00211,864
21.02159,908
21.04106,896
21.06053,866
21.08,874
21.09948,846
21.11895,906
21.13842,864
21.1579,895
21.17737,917
21.19684,881
21.21631,919
21.23579,863
21.25526,860
21.27473,907
21.2942,898
21.31368,874
21.33315,937
21.35262,876
21.3721,840
21.39157,843
21.41104,944
21.43051,880
21.44999,908
21.46946,873
21.48893,846
21.50841,931
21.52788,827
21.54735,849
21.56682,897
21.5863,826
21.60577,857
21.62524,912
21.64471,886
21.66419,863
21.68366,866
21.70313,909
21.72261,935
21.74208,909
21.76155,936
21.78102,941
21.8005,842
21.81997,900
21.83944,878
21.85892,884
21.87839,880
21.89786,902
21.91733,888
21.93681,869
21.95628,934
21.97575,897
21.99522,899
22.0147,928
22.03417,893
22.05364,888
22.07312,842
22.09259,845
22.11206,850
22.13153,902
22.15101,915
22.17048,909
22.18995,855
22.20942,890
22.2289,943
22.24837,828
22.26784,930
22.28732,949
22.30679,898
22.32626,768
22.34573,910
22.36521,905
22.38468,841
22.40415,851
22.42363,853
22.4431,880
22.46257,885
22.48204,930
22.50152,838
22.52099,830
22.54046,900
22.55993,832
22.57941,879
22.59888,886
22.61835,908
22.63783,932
22.6573,866
22.67677,874
22.69624,858
22.71572,900
22.73519,932
22.75466,886
22.77414,837
22.79361,904
22.81308,907
22.83255,924
22.85203,848
22.8715,897
22.89097,925
22.91044,864
22.92992,892
22.94939,863
22.96886,899
22.98834,849
23.00781,881
23.02728,900
23.04675,848
23.06623,908
23.0857,881
23.10517,887
23.12464,872
23.14412,898
23.16359,842
23.18306,887
23.20254,844
23.22201,862
23.24148,895
23.26095,895
23.28043,893
23.2999,863
23.31937,851
23.33885,916
23.35832,875
23.37779,847
23.39726,885
23.41674,933
23.43621,881
23.45568,836
23.47515,881
23.49463,904
23.5141,930
23.53357,886
23.55305,917
23.57252,808
23.59199,879
23.61146,839
23.63094,900
23.65041,936
23.66988,898
23.68936,870
23.70883,898
23.7283,902
23.74777,908
23.76725,876
23.78672,915
23.80619,881
23.82566,866
23.84514,867
23.86461,820
23.88408,807
23.90356,885
23.92303,868
23.9425,924
23.96197,887
23.98145,843
24.00092,853
24.02039,876
24.03987,853
24.05934,856
24.07881,862
24.09828,891
24.11776,894
24.13723,908
24.1567,877
24.17617,901
24.19565,907
24.21512,854
24.23459,852
24.25407,928
24.27354,879
24.29301,885
24.31248,846
24.33196,897
24.35143,876
24.3709,868
24.39037,916
24.40985,894
24.42932,860
24.44879,887
24.46827,848
24.48774,860
24.50721,836
24.52668,867
24.54616,884
24.56563,928
24.5851,869
24.60458,906
24.62405,879
24.64352,884
24.66299,865
24.68247,908
24.70194,886
24.72141,883
24.74088,858
24.76036,914
24.77983,906
24.7993,861
24.81878,889
24.83825,874
24.85772,844
24.87719,874
24.89667,877
24.91614,891
24.93561,947
24.95509,956
24.97456,848
24.99403,894
25.0135,889
25.03298,914
25.05245,933
25.07192,887
25.09139,871
25.11087,831
25.13034,887
25.14981,870
25.16929,928
25.18876,909
25.20823,879
25.2277,920
25.24718,949
25.26665,919
25.28612,885
25.30559,867
25.32507,912
25.34454,910
25.36401,867
25.38349,883
25.40296,881
25.42243,863
25.4419,910
25.46138,897
25.48085,877
25.50032,843
25.5198,973
25.53927,879
25.55874,900
25.57821,839
25.59769,878
25.61716,908
25.63663,870
25.6561,944
25.67558,906
25.69505,925
25.71452,932
25.734,888
25.75347,896
25.77294,882
25.79241,944
25.81189,851
25.83136,881
25.85083,889
25.87031,935
25.88978,944
25.90925,913
25.92872,910
25.9482,864
25.96767,920
25.98714,895
26.00661,907
26.02609,887
26.04556,926
26.06503,954
26.08451,901
26.10398,910
26.12345,930
26.14292,942
26.1624,900
26.18187,885
26.20134,883
26.22081,968
26.24029,916
26.25976,930
26.27923,921
26.29871,865
26.31818,834
26.33765,953
26.35712,890
26.3766,952
26.39607,938
26.41554,872
26.43502,862
26.45449,969
26.47396,926
26.49343,906
26.51291,940
26.53238,921
26.55185,936
26.57132,917
26.5908,895
26.61027,902
26.62974,938
26.64922,929
26.66869,885
26.68816,924
26.70763,878
26.72711,893
26.74658,926
26.76605,952
26.78553,928
26.805,945
26.82447,873
26.84394,902
26.86342,860
26.88289,876
26.90236,932
26.92183,888
26.94131,941
26.96078,913
26.98025,871
26.99973,895
27.0192,907
27.03867,887
27.05814,904
27.07762,913
27.09709,905
27.11656,914
27.13603,916
27.15551,953
27.17498,937
27.19445,910
27.21393,941
27.2334,937
27.25287,917
27.27234,967
27.29182,908
27.31129,916
27.33076,940
27.35024,911
27.36971,930
27.38918,928
27.40865,917
27.42813,949
27.4476,872
27.46707,957
27.48654,896
27.50602,920
27.52549,889
27.54496,957
27.56444,956
27.58391,918
27.60338,941
27.62285,928
27.64233,957
27.6618,909
27.68127,935
27.70075,914
27.72022,937
27.73969,926
27.75916,908
27.77864,907
27.79811,947
27.81758,923
27.83705,919
27.85653,886
27.876,955
27.89547,935
27.91495,938
27.93442,951
27.95389,907
27.97336,890
27.99284,954
28.01231,885
28.03178,919
28.05126,922
28.07073,918
28.0902,936
28.10967,928
28.12915,897
28.14862,872
28.16809,955
28.18756,968
28.20704,973
28.22651,969
28.24598,938
28.26546,964
28.28493,954
28.3044,933
28.32387,893
28.34335,900
28.36282,954
28.38229,924
28.40176,926
28.42124,992
28.44071,925
28.46018,938
28.47966,980
28.49913,970
28.5186,918
28.53807,928
28.55755,922
28.57702,940
28.59649,949
28.61597,921
28.63544,933
28.65491,942
28.67438,946
28.69386,923
28.71333,952
28.7328,947
28.75227,892
28.77175,918
28.79122,978
28.81069,1009
28.83017,952
28.84964,960
28.86911,1020
28.88858,912
28.90806,967
28.92753,926
28.947,959
28.96648,982
28.98595,918
29.00542,874
29.02489,936
29.04437,950
29.06384,905
29.08331,958
29.10278,982
29.12226,946
29.14173,918
29.1612,961
29.18068,924
29.20015,961
29.21962,940
29.23909,901
29.25857,889
29.27804,927
29.29751,902
29.31698,928
29.33646,998
29.35593,961
29.3754,941
29.39488,946
29.41435,922
29.43382,900
29.45329,924
29.47277,943
29.49224,934
29.51171,908
29.53119,929
29.55066,960
29.57013,908
29.5896,936
29.60908,905
29.62855,978
29.64802,944
29.66749,955
29.68697,1013
29.70644,903
29.72591,941
29.74539,898
29.76486,954
29.78433,900
29.8038,958
29.82328,967
29.84275,910
29.86222,839
29.8817,943
29.90117,902
29.92064,918
29.94011,923
29.95959,946
29.97906,935
29.99853,887
30.018,930
30.03748,957
30.05695,880
30.07642,901
30.0959,946
30.11537,941
30.13484,885
30.15431,888
30.17379,869
30.19326,908
30.21273,908
30.2322,907
30.25168,901
30.27115,950
30.29062,849
30.3101,881
30.32957,939
30.34904,879
30.36851,918
30.38799,904
30.40746,873
30.42693,912
30.44641,928
30.46588,906
30.48535,915
30.50482,862
30.5243,858
30.54377,947
30.56324,897
30.58271,943
30.60219,921
30.62166,871
30.64113,884
30.66061,980
30.68008,889
30.69955,895
30.71902,876
30.7385,872
30.75797,934
30.77744,926
30.79692,870
30.81639,892
30.83586,818
30.85533,884
30.87481,921
30.89428,910
30.91375,895
30.93322,957
30.9527,883
30.97217,860
30.99164,915
31.01112,937
31.03059,949
31.05006,931
31.06953,929
31.08901,881
31.10848,890
31.12795,868
31.14742,868
31.1669,798
31.18637,873
31.20584,916
31.22532,910
31.24479,876
31.26426,902
31.28373,863
31.30321,867
31.32268,864
31.34215,900
31.36163,944
31.3811,922
31.40057,851
31.42004,880
31.43952,873
31.45899,953
31.47846,888
31.49793,888
31.51741,826
31.53688,879
31.55635,869
31.57583,905
31.5953,903
31.61477,897
31.63424,924
31.65372,952
31.67319,935
31.69266,1001
31.71214,1158
31.73161,1192
31.75108,1240
31.77055,1357
31.79003,1351
31.8095,1434
31.82897,1421
31.84844,1371
31.86792,1100
31.88739,1003
31.90686,992
31.92634,917
31.94581,928
31.96528,899
31.98475,954
32.00423,898
32.0237,863
32.04317,881
32.06265,911
32.08212,903
32.10159,872
32.12106,888
32.14054,854
32.16001,774
32.17948,895
32.19895,812
32.21843,809
32.2379,820
32.25737,825
32.27685,856
32.29632,818
32.31579,795
32.33526,830
32.35474,816
32.37421,761
32.39368,821
32.41315,815
32.43263,784
32.4521,810
32.47157,798
32.49105,859
32.51052,857
32.52999,784
32.54946,880
32.56894,864
32.58841,829
32.60788,804
32.62736,850
32.64683,844
32.6663,838
32.68577,850
32.70525,816
32.72472,799
32.74419,873
32.76366,786
32.78314,818
32.80261,780
32.82208,847
32.84156,824
32.86103,861
32.8805,823
32.89997,802
32.91945,773
32.93892,810
32.95839,830
32.97787,771
32.99734,786
33.01681,767
33.03628,764
33.05576,796
33.07523,784
33.0947,781
33.11417,850
33.13365,799
33.15312,857
33.17259,824
33.19207,840
33.21154,833
33.23101,865
33.25048,821
33.26996,854
33.28943,858
33.3089,873
33.32837,847
33.34785,846
33.36732,838
33.38679,846
33.40627,885
33.42574,863
33.44521,849
33.46468,860
33.48416,861
33.50363,882
33.5231,903
33.54258,818
33.56205,879
33.58152,865
33.60099,837
33.62047,845
33.63994,818
33.65941,824
33.67888,875
33.69836,807
33.71783,849
33.7373,880
33.75678,848
33.77625,885
33.79572,855
33.81519,896
33.83467,877
33.85414,817
33.87361,900
33.89309,888
33.91256,853
33.93203,849
33.9515,901
33.97098,893
33.99045,914
34.00992,847
34.02939,924
34.04887,919
34.06834,979
34.08781,948
34.10729,982
34.12676,1083
34.14623,1100
34.1657,1172
34.18518,1264
34.20465,1464
34.22412,1543
34.24359,1745
34.26307,1870
34.28254,2332
34.30201,4108
34.32149,5381
34.34096,10101
34.36043,18636
34.3799,30143
34.39938,33143
34.41885,13614
34.43832,11749
34.4578,16417
34.47727,16794
34.49674,9752
34.51621,4787
34.53569,2827
34.55516,2154
34.57463,1765
34.5941,1554
34.61358,1450
34.63305,1234
34.65252,1214
34.672,1092
34.69147,1027
34.71094,1013
34.73041,953
34.74989,821
34.76936,882
34.78883,858
34.80831,821
34.82778,831
34.84725,907
34.86672,876
34.8862,899
34.90567,845
34.92514,822
34.94461,786
34.96409,769
34.98356,835
35.00303,827
35.02251,769
35.04198,814
35.06145,807
35.08092,804
35.1004,807
35.11987,802
35.13934,781
35.15881,761
35.17829,746
35.19776,704
35.21723,728
35.23671,747
35.25618,748
35.27565,763
35.29512,732
35.3146,746
35.33407,739
35.35354,741
35.37302,778
35.39249,761
35.41196,775
35.43143,738
35.45091,708
35.47038,765
35.48985,756
35.50932,705
35.5288,683
35.54827,748
35.56774,718
35.58722,801
35.60669,772
35.62616,731
35.64563,746
35.66511,737
35.68458,692
35.70405,757
35.72353,764
35.743,683
35.76247,727
35.78194,714
35.80142,771
35.82089,774
35.84036,789
35.85983,693
35.87931,780
35.89878,702
35.91825,724
35.93773,769
35.9572,720
35.97667,721
35.99614,717
36.01562,767
36.03509,720
36.05456,784
36.07404,800
36.09351,835
36.11298,783
36.13245,880
36.15193,905
36.1714,911
36.19087,1251
36.21034,1330
36.22982,1326
36.24929,1315
36.26876,1273
36.28824,1250
36.30771,1246
36.32718,1123
36.34665,1058
36.36613,974
36.3856,972
36.40507,940
36.42454,890
36.44402,835
36.46349,763
36.48296,763
36.50244,752
36.52191,736
36.54138,723
36.56085,712
36.58033,703
36.5998,736
36.61927,762
36.63875,769
36.65822,714
36.67769,724
36.69716,705
36.71664,748
36.73611,720
36.75558,672
36.77505,642
36.79453,672
36.814,698
36.83347,712
36.85295,698
36.87242,718
36.89189,691
36.91136,716
36.93084,697
36.95031,673
36.96978,689
36.98926,716
37.00873,759
37.0282,710
37.04767,712
37.06715,690
37.08662,728
37.10609,721
37.12556,713
37.14504,717
37.16451,706
37.18398,696
37.20346,724
37.22293,764
37.2424,763
37.26187,718
37.28135,740
37.30082,689
37.32029,733
37.33976,731
37.35924,722
37.37871,716
37.39818,747
37.41766,751
37.43713,728
37.4566,717
37.47607,760
37.49555,709
37.51502,756
37.53449,777
37.55397,814
37.57344,762
37.59291,802
37.61238,807
37.63186,806
37.65133,785
37.6708,781
37.69027,866
37.70975,843
37.72922,854
37.74869,838
37.76817,872
37.78764,910
37.80711,863
37.82658,898
37.84606,930
37.86553,972
37.885,998
37.90448,974
37.92395,1002
37.94342,1070
37.96289,1095
37.98237,1091
38.00184,1126
38.02131,1182
38.04078,1172
38.06026,1263
38.07973,1319
38.0992,1383
38.11868,1439
38.13815,1386
38.15762,1543
38.17709,1587
38.19657,1623
38.21604,1616
38.23551,1728
38.25498,1573
38.27446,1632
38.29393,1551
38.3134,1480
38.33288,1457
38.35235,1388
38.37182,1417
38.39129,1261
38.41077,1200
38.43024,1172
38.44971,1132
38.46919,1128
38.48866,1072
38.50813,1050
38.5276,1038
38.54708,982
38.56655,948
38.58602,988
38.60549,926
38.62497,924
38.64444,920
38.66391,911
38.68339,847
38.70286,883
38.72233,899
38.7418,907
38.76128,820
38.78075,841
38.80022,788
38.8197,817
38.83917,777
38.85864,792
38.87811,769
38.89759,735
38.91706,786
38.93653,757
38.956,760
38.97548,778
38.99495,761
39.01442,759
39.0339,728
39.05337,741
39.07284,739
39.09231,725
39.11179,706
39.13126,676
39.15073,706
39.1702,686
39.18968,677
39.20915,661
39.22862,650
39.2481,744
39.26757,708
39.28704,680
39.30651,700
39.32599,691
39.34546,656
39.36493,665
39.38441,702
39.40388,643
39.42335,674
39.44282,684
39.4623,705
39.48177,655
39.50124,632
39.52071,620
39.54019,681
39.55966,637
39.57913,654
39.59861,682
39.61808,654
39.63755,655
39.65702,651
39.6765,621
39.69597,694
39.71544,663
39.73492,656
39.75439,617
39.77386,633
39.79333,614
39.81281,657
39.83228,607
39.85175,653
39.87122,640
39.8907,598
39.91017,623
39.92964,668
39.94912,639
39.96859,648
39.98806,603
40.00753,622
40.02701,624
40.04648,584
40.06595,596
40.08543,576
40.1049,636
40.12437,621
40.14384,623
40.16332,602
40.18279,669
40.20226,576
40.22173,631
40.24121,641
40.26068,565
40.28015,637
40.29963,658
40.3191,584
40.33857,632
40.35804,596
40.37752,563
40.39699,542
40.41646,663
40.43593,610
40.45541,603
40.47488,639
40.49435,589
40.51383,623
40.5333,619
40.55277,598
40.57224,641
40.59172,634
40.61119,594
40.63066,604
40.65014,581
40.66961,607
40.68908,592
40.70855,595
40.72803,612
40.7475,575
40.76697,632
40.78644,633
40.80592,612
40.82539,656
40.84486,591
40.86434,613
40.88381,589
40.90328,590
40.92275,616
40.94223,584
40.9617,623
40.98117,556
41.00065,594
41.02012,596
41.03959,617
41.05906,650
41.07854,591
41.09801,614
41.11748,543
41.13695,641
41.15643,610
41.1759,568
41.19537,577
41.21485,591
41.23432,596
41.25379,545
41.27326,598
41.29274,622
41.31221,603
41.33168,596
41.35115,600
41.37063,606
41.3901,591
41.40957,655
41.42905,569
41.44852,615
41.46799,640
41.48746,615
41.50694,623
41.52641,589
41.54588,560
41.56536,619
41.58483,556
41.6043,634
41.62377,640
41.64325,628
41.66272,596
41.68219,567
41.70166,574
41.72114,568
41.74061,602
41.76008,598
41.77956,586
41.79903,603
41.8185,607
41.83797,591
41.85745,564
41.87692,584
41.89639,564
41.91587,607
41.93534,591
41.95481,620
41.97428,599
41.99376,569
42.01323,587
42.0327,631
42.05217,595
42.07165,592
42.09112,592
42.11059,585
42.13007,576
42.14954,580
42.16901,624
42.18848,585
42.20796,604
42.22743,561
42.2469,599
42.26637,611
42.28585,646
42.30532,642
42.32479,588
42.34427,614
42.36374,597
42.38321,601
42.40268,556
42.42216,578
42.44163,590
42.4611,575
42.48058,571
42.50005,600
42.51952,619
42.53899,578
42.55847,588
42.57794,605
42.59741,574
42.61688,583
42.63636,604
42.65583,593
42.6753,561
42.69478,602
42.71425,600
42.73372,593
42.75319,604
42.77267,590
42.79214,630
42.81161,608
42.83109,603
42.85056,576
42.87003,579
42.8895,608
42.90898,585
42.92845,619
42.94792,606
42.96739,558
42.98687,569
43.00634,560
43.02581,594
43.04529,598
43.06476,579
43.08423,618
43.1037,591
43.12318,576
43.14265,596
43.16212,545
43.18159,593
43.20107,597
43.22054,562
43.24001,574
43.25949,534
43.27896,582
43.29843,584
43.3179,605
43.33738,602
43.35685,554
43.37632,599
43.3958,591
43.41527,624
43.43474,618
43.45421,638
43.47369,605
43.49316,624
43.51263,630
43.5321,613
43.55158,585
43.57105,604
43.59052,598
43.61,630
43.62947,664
43.64894,620
43.66841,606
43.68789,626
43.70736,599
43.72683,599
43.74631,667
43.76578,652
43.78525,620
43.80472,637
43.8242,621
43.84367,656
43.86314,643
43.88261,674
43.90209,655
43.92156,622
43.94103,603
43.96051,627
43.97998,668
43.99945,731
44.01892,689
44.0384,688
44.05787,653
44.07734,672
44.09682,661
44.11629,637
44.13576,709
44.15523,687
44.17471,737
44.19418,689
44.21365,720
44.23312,730
44.2526,671
44.27207,708
44.29154,727
44.31102,697
44.33049,742
44.34996,755
44.36943,760
44.38891,754
44.40838,752
44.42785,779
44.44732,780
44.4668,794
44.48627,714
44.50574,737
44.52522,799
44.54469,722
44.56416,718
44.58363,717
44.60311,716
44.62258,720
44.64205,661
44.66153,750
44.681,654
44.70047,671
44.71994,686
44.73942,686
44.75889,615
44.77836,621
44.79783,624
44.81731,648
44.83678,632
44.85625,608
44.87573,581
44.8952,595
44.91467,631
44.93414,605
44.95362,616
44.97309,563
44.99256,565
45.01204,568
45.03151,573
45.05098,585
45.07045,570
45.08993,570
45.1094,558
45.12887,563
45.14834,551
45.16782,573
45.18729,525
45.20676,568
45.22624,535
45.24571,560
45.26518,528
45.28465,565
45.30413,557
45.3236,505
45.34307,559
45.36254,506
45.38202,529
45.40149,583
45.42096,576
45.44044,527
45.45991,560
45.47938,515
45.49885,569
45.51833,546
45.5378,514
45.55727,508
45.57675,498
45.59622,521
45.61569,538
45.63516,510
45.65464,508
45.67411,525
45.69358,520
45.71305,475
45.73253,499
45.752,503
45.77147,510
45.79095,554
45.81042,539
45.82989,528
45.84936,490
45.86884,550
45.88831,518
45.90778,497
45.92726,493
45.94673,519
45.9662,528
45.98567,479
46.00515,549
46.02462,530
46.04409,505
46.06356,488
46.08304,475
46.10251,494
46.12198,481
46.14146,531
46.16093,478
46.1804,464
46.19987,491
46.21935,482
46.23882,462
46.25829,530
46.27776,534
46.29724,466
46.31671,475
46.33618,456
46.35566,483
46.37513,483
46.3946,471
46.41407,500
46.43355,465
46.45302,462
46.47249,482
46.49197,493
46.51144,478
46.53091,497
46.55038,482
46.56986,461
46.58933,491
46.6088,512
46.62827,475
46.64775,486
46.66722,484
46.68669,522
46.70617,523
46.72564,479
46.74511,492
46.76458,442
46.78406,452
46.80353,471
46.823,523
46.84248,471
46.86195,472
46.88142,437
46.90089,474
46.92037,481
46.93984,467
46.95931,486
46.97878,421
46.99826,465
47.01773,456
47.0372,516
47.05668,490
47.07615,496
47.09562,510
47.11509,435
47.13457,467
47.15404,503
47.17351,436
47.19298,467
47.21246,465
47.23193,446
47.2514,491
47.27088,458
47.29035,484
47.30982,512
47.32929,497
47.34877,506
47.36824,521
47.38771,513
47.40719,516
47.42666,489
47.44613,568
47.4656,589
47.48508,683
47.50455,802
47.52402,996
47.54349,1052
47.56297,1025
47.58244,863
47.60191,752
47.62139,745
47.64086,754
47.66033,827
47.6798,775
47.69928,718
47.71875,611
47.73822,567
47.7577,544
47.77717,564
47.79664,491
47.81611,473
47.83559,514
47.85506,483
47.87453,477
47.894,498
47.91348,465
47.93295,469
47.95242,458
47.9719,464
47.99137,465
48.01084,417
48.03031,433
48.04979,464
48.06926,406
48.08873,433
48.10821,450
48.12768,470
48.14715,452
48.16662,424
48.1861,439
48.20557,448
48.22504,427
48.24451,455
48.26399,461
48.28346,444
48.30293,453
48.32241,492
48.34188,459
48.36135,466
48.38082,433
48.4003,461
48.41977,430
48.43924,425
48.45871,467
48.47819,433
48.49766,458
48.51713,475
48.53661,486
48.55608,476
48.57555,450
48.59502,424
48.6145,428
48.63397,479
48.65344,413
48.67292,422
48.69239,457
48.71186,454
48.73133,420
48.75081,441
48.77028,428
48.78975,409
48.80922,427
48.8287,447
48.84817,419
48.86764,422
48.88712,417
48.90659,471
48.92606,456
48.94553,415
48.96501,426
48.98448,435
49.00395,432
49.02343,416
49.0429,469
49.06237,430
49.08184,443
49.10132,423
49.12079,423
49.14026,462
49.15973,443
49.17921,376
49.19868,413
49.21815,464
49.23763,474
49.2571,429
49.27657,389
49.29604,404
49.31552,412
49.33499,418
49.35446,429
49.37393,385
49.39341,464
49.41288,450
49.43235,469
49.45183,456
49.4713,459
49.49077,425
49.51024,390
49.52972,408
49.54919,418
49.56866,455
49.58814,413
49.60761,437
49.62708,414
49.64655,437
49.66603,443
49.6855,392
49.70497,421
49.72444,392
49.74392,436
49.76339,446
49.78286,421
49.80234,443
49.82181,431
49.84128,457
49.86075,401
49.88023,393
49.8997,416
49.91917,404
49.93865,417
49.95812,423
49.97759,427
49.99706,431
50.01654,426
50.03601,389
50.05548,443
50.07495,419
50.09443,415
50.1139,372
50.13337,408
50.15285,412
50.17232,383
50.19179,437
50.21126,427
50.23074,399
50.25021,411
50.26968,425
50.28915,428
50.30863,419
50.3281,392
50.34757,385
50.36705,439
50.38652,410
50.40599,420
50.42546,405
50.44494,393
50.46441,380
50.48388,409
50.50336,369
50.52283,380
50.5423,425
50.56177,412
50.58125,422
50.60072,430
50.62019,431
50.63966,367
50.65914,436
50.67861,402
50.69808,396
50.71756,408
50.73703,394
50.7565,418
50.77597,441
50.79545,401
50.81492,400
50.83439,394
50.85387,398
50.87334,407
50.89281,445
50.91228,424
50.93176,425
50.95123,386
50.9707,414
50.99017,405
51.00965,409
51.02912,424
51.04859,420
51.06807,400
51.08754,412
51.10701,398
51.12648,426
51.14596,424
51.16543,418
51.1849,415
51.20437,387
51.22385,428
51.24332,391
51.26279,367
51.28227,389
51.30174,405
51.32121,376
51.34068,417
51.36016,386
51.37963,402
51.3991,409
51.41858,388
51.43805,391
51.45752,396
51.47699,383
51.49647,372
51.51594,415
51.53541,384
51.55488,441
51.57436,404
51.59383,403
51.6133,393
51.63278,401
51.65225,381
51.67172,400
51.69119,388
51.71067,422
51.73014,395
51.74961,384
51.76909,436
51.78856,401
51.80803,368
51.8275,370
51.84698,414
51.86645,379
51.88592,377
51.90539,401
51.92487,414
51.94434,413
51.96381,395
51.98329,393
52.00276,382
52.02223,433
52.0417,384
52.06118,393
52.08065,374
52.10012,371
52.1196,392
52.13907,381
52.15854,433
52.17801,396
52.19749,398
52.21696,417
52.23643,412
52.2559,430
52.27538,379
52.29485,351
52.31432,397
52.3338,445
52.35327,380
52.37274,391
52.39221,385
52.41169,382
52.43116,393
52.45063,376
52.4701,384
52.48958,377
52.50905,411
52.52852,414
52.548,387
52.56747,416
52.58694,391
52.60641,388
52.62589,376
52.64536,392
52.66483,364
52.68431,409
52.70378,421
52.72325,399
52.74272,401
52.7622,367
52.78167,408
52.80114,392
52.82061,415
52.84009,404
52.85956,419
52.87903,411
52.89851,416
52.91798,369
52.93745,373
52.95692,372
52.9764,412
52.99587,359
53.01534,373
53.03482,364
53.05429,389
53.07376,392
53.09323,430
53.11271,394
53.13218,371
53.15165,413
53.17112,403
53.1906,373
53.21007,411
53.22954,391
53.24902,393
53.26849,407
53.28796,397
53.30743,391
53.32691,380
53.34638,370
53.36585,418
53.38532,425
53.4048,357
53.42427,365
53.44374,360
53.46322,414
53.48269,369
53.50216,395
53.52163,423
53.54111,422
53.56058,370
53.58005,335
53.59953,398
53.619,386
53.63847,373
53.65794,385
53.67742,441
53.69689,376
53.71636,361
53.73583,403
53.75531,396
53.77478,405
53.79425,366
53.81373,389
53.8332,366
53.85267,392
53.87214,413
53.89162,369
53.91109,426
53.93056,365
53.95004,395
53.96951,352
53.98898,411
54.00845,435
54.02793,399
54.0474,399
54.06687,375
54.08634,370
54.10582,371
54.12529,396
54.14476,423
54.16424,367
54.18371,382
54.20318,412
54.22265,339
54.24213,395
54.2616,379
54.28107,380
54.30054,386
54.32002,394
54.33949,368
54.35896,357
54.37844,393
54.39791,391
54.41738,378
54.43685,379
54.45633,378
54.4758,394
54.49527,385
54.51475,384
54.53422,394
54.55369,439
54.57316,384
54.59264,428
54.61211,420
54.63158,364
54.65105,420
54.67053,366
54.69,433
54.70947,393
54.72895,379
54.74842,381
54.76789,378
54.78736,395
54.80684,381
54.82631,391
54.84578,418
54.86526,411
54.88473,393
54.9042,353
54.92367,398
54.94315,377
54.96262,359
54.98209,378
55.00156,391
55.02104,372
55.04051,378
55.05998,352
55.07946,366
55.09893,369
55.1184,364
55.13787,346
55.15735,378
55.17682,375
55.19629,405
55.21576,386
55.23524,392
55.25471,363
55.27418,373
55.29366,363
55.31313,385
55.3326,377
55.35207,351
55.37155,367
55.39102,378
55.41049,386
55.42997,409
55.44944,366
55.46891,386
55.48838,391
55.50786,390
55.52733,358
55.5468,401
55.56627,378
55.58575,384
55.60522,376
55.62469,385
55.64417,374
55.66364,369
55.68311,421
55.70258,402
55.72206,400
55.74153,382
55.761,385
55.78048,365
55.79995,394
55.81942,378
55.83889,382
55.85837,386
55.87784,370
55.89731,403
55.91678,383
55.93626,413
55.95573,385
55.9752,409
55.99468,409
56.01415,419
56.03362,357
56.05309,401
56.07257,388
56.09204,356
56.11151,388
56.13099,396
56.15046,353
56.16993,382
56.1894,403
56.20888,394
56.22835,389
56.24782,358
56.26729,368
56.28677,399
56.30624,407
56.32571,364
56.34519,400
56.36466,389
56.38413,395
56.4036,402
56.42308,398
56.44255,391
56.46202,406
56.48149,421
56.50097,405
56.52044,416
56.53991,442
56.55939,523
56.57886,512
56.59833,483
56.6178,453
56.63728,442
56.65675,452
56.67622,422
56.6957,479
56.71517,450
56.73464,470
56.75411,436
56.77359,432
56.79306,440
56.81253,374
56.832,390
56.85148,426
56.87095,382
56.89042,387
56.9099,381
56.92937,390
56.94884,382
56.96831,386
56.98779,362
57.00726,365
57.02673,417
57.04621,362
57.06568,393
57.08515,369
57.10462,372
57.1241,412
57.14357,379
57.16304,376
57.18251,358
57.20199,386
57.22146,352
57.24093,384
57.26041,379
57.27988,398
57.29935,384
57.31882,368
57.3383,355
57.35777,425
57.37724,380
57.39671,393
57.41619,361
57.43566,356
57.45513,377
57.47461,376
57.49408,345
57.51355,350
57.53302,353
57.5525,390
57.57197,381
57.59144,396
57.61092,384
57.63039,386
57.64986,380
57.66933,353
57.68881,342
57.70828,375
57.72775,377
57.74722,363
57.7667,398
57.78617,386
57.80564,381
57.82512,365
57.84459,324
57.86406,380
57.88353,397
57.90301,336
57.92248,378
57.94195,386
57.96143,363
57.9809,359
58.00037,390
58.01984,399
58.03932,393
58.05879,367
58.07826,388
58.09773,387
58.11721,383
58.13668,379
58.15615,380
58.17563,385
58.1951,406
58.21457,390
58.23404,352
58.25352,381
58.27299,403
58.29246,379
58.31193,365
58.33141,380
58.35088,395
58.37035,399
58.38983,364
58.4093,377
58.42877,380
58.44824,361
58.46772,369
58.48719,379
58.50666,389
58.52614,375
58.54561,363
58.56508,384
58.58455,398
58.60403,345
58.6235,323
58.64297,367
58.66244,381
58.68192,332
58.70139,357
58.72086,365
58.74034,367
58.75981,370
58.77928,342
58.79875,408
58.81823,376
58.8377,351
58.85717,424
58.87665,334
58.89612,362
58.91559,379
58.93506,395
58.95454,359
58.97401,379
58.99348,368
59.01295,369
59.03243,377
59.0519,367
59.07137,383
59.09085,401
59.11032,371
59.12979,355
59.14926,355
59.16874,374
59.18821,345
59.20768,368
59.22716,366
59.24663,386
59.2661,349
59.28557,360
59.30505,383
59.32452,398
59.34399,368
59.36346,387
59.38294,369
59.40241,376
59.42188,369
59.44136,396
59.46083,356
59.4803,360
59.49977,363
59.51925,371
59.53872,361
59.55819,371
59.57766,340
59.59714,399
59.61661,381
59.63608,355
59.65556,341
59.67503,387
59.6945,357
59.71397,359
59.73345,385
59.75292,381
59.77239,349
59.79187,356
59.81134,335
59.83081,368
59.85028,343
59.86976,351
59.88923,342
59.9087,386
59.92817,384
59.94765,349
59.96712,370
59.98659,370
60.00607,371
60.02554,369
60.04501,336
60.06448,361
60.08396,343
60.10343,386
60.1229,360
60.14238,387
60.16185,387
60.18132,340
60.20079,357
60.22027,339
60.23974,349
60.25921,380
60.27868,354
60.29816,373
60.31763,347
60.3371,376
60.35658,363
60.37605,377
60.39552,369
60.41499,364
60.43447,373
60.45394,339
60.47341,403
60.49288,359
60.51236,333
60.53183,370
60.5513,351
60.57078,375
60.59025,382
60.60972,393
60.62919,324
60.64867,358
60.66814,378
60.68761,339
60.70709,346
60.72656,377
60.74603,397
60.7655,366
60.78498,402
60.80445,356
60.82392,381
60.84339,347
60.86287,361
60.88234,345
60.90181,376
60.92129,394
60.94076,376
60.96023,366
60.9797,381
60.99918,378
61.01865,370
61.03812,376
61.0576,353
61.07707,342
61.09654,378
61.11601,388
61.13549,367
61.15496,383
61.17443,394
61.1939,344
61.21338,372
61.23285,387
61.25232,359
61.2718,373
61.29127,393
61.31074,386
61.33021,387
61.34969,391
61.36916,370
61.38863,341
61.4081,370
61.42758,344
61.44705,354
61.46652,373
61.486,358
61.50547,397
61.52494,379
61.54441,348
61.56389,385
61.58336,370
61.60283,322
61.62231,380
61.64178,337
61.66125,419
61.68072,378
61.7002,368
61.71967,367
61.73914,352
61.75861,364
61.77809,361
61.79756,386
61.81703,327
61.83651,352
61.85598,365
61.87545,368
61.89492,407
61.9144,374
61.93387,362
61.95334,371
61.97282,398
61.99229,377
62.01176,383
62.03123,383
62.05071,357
62.07018,357
62.08965,370
62.10912,380
62.1286,352
62.14807,333
62.16754,380
62.18702,358
62.20649,384
62.22596,359
62.24543,375
62.26491,354
62.28438,362
62.30385,353
62.32332,372
62.3428,404
62.36227,355
62.38174,372
62.40122,370
62.42069,387
62.44016,392
62.45963,364
62.47911,386
62.49858,374
62.51805,396
62.53753,422
62.557,408
62.57647,421
62.59594,426
62.61542,406
62.63489,434
62.65436,404
62.67383,427
62.69331,422
62.71278,457
62.73225,516
62.75173,513
62.7712,629
62.79067,679
62.81014,919
62.82962,1185
62.84909,1497
62.86856,1791
62.88804,1675
62.90751,1326
62.92698,1137
62.94645,881
62.96593,791
62.9854,839
63.00487,891
63.02434,1074
63.04382,1116
63.06329,1057
63.08276,873
63.10224,770
63.12171,632
63.14118,566
63.16065,489
63.18013,429
63.1996,458
63.21907,435
63.23855,427
63.25802,412
63.27749,450
63.29696,406
63.31644,407
63.33591,389
63.35538,394
63.37485,387
63.39433,389
63.4138,383
63.43327,368
63.45275,395
63.47222,420
63.49169,350
63.51116,362
63.53064,378
63.55011,381
63.56958,357
63.58905,371
63.60853,369
63.628,377
63.64747,385
63.66695,368
63.68642,362
63.70589,377
63.72536,383
63.74484,343
63.76431,339
63.78378,430
63.80326,377
63.82273,382
63.8422,375
63.86167,399
63.88115,391
63.90062,379
63.92009,398
63.93956,405
63.95904,354
63.97851,401
63.99798,379
64.01746,378
64.03693,428
64.0564,400
64.07587,351
64.09535,370
64.11482,410
64.13429,405
64.15377,395
64.17324,415
64.19271,375
64.21218,410
64.23166,392
64.25113,384
64.2706,412
64.29007,422
64.30955,396
64.32902,409
64.34849,418
64.36797,415
64.38744,403
64.40691,416
64.42638,439
64.44586,399
64.46533,410
64.4848,437
64.50427,464
64.52375,428
64.54322,506
64.56269,453
64.58217,424
64.60164,500
64.62111,508
64.64058,431
64.66006,475
64.67953,454
64.699,486
64.71848,462
64.73795,475
64.75742,449
64.77689,454
64.79637,483
64.81584,445
64.83531,482
64.85478,446
64.87426,468
64.89373,421
64.9132,430
64.93268,434
64.95215,452
64.97162,412
64.99109,413
65.01057,375
65.03004,397
65.04951,451
65.06899,423
65.08846,390
65.10793,379
65.1274,432
65.14688,416
65.16635,388
65.18582,378
65.20529,366
65.22477,372
65.24424,378
65.26371,393
65.28319,370
65.30266,397
65.32213,394
65.3416,388
65.36108,385
65.38055,371
65.40002,383
65.41949,347
65.43897,349
65.45844,405
65.47791,374
65.49739,334
65.51686,379
65.53633,351
65.5558,345
65.57528,327
65.59475,373
65.61422,371
65.6337,371
65.65317,345
65.67264,345
65.69211,332
65.71159,377
65.73106,367
65.75053,350
65.77,366
65.78948,368
65.80895,360
65.82842,326
65.8479,337
65.86737,374
65.88684,360
65.90631,372
65.92579,336
65.94526,378
65.96473,325
65.98421,336
66.00368,350
66.02315,369
66.04262,347
66.0621,393
66.08157,311
66.10104,367
66.12051,340
66.13999,358
66.15946,362
66.17893,318
66.19841,344
66.21788,345
66.23735,333
66.25682,344
66.2763,335
66.29577,359
66.31524,366
66.33471,356
66.35419,361
66.37366,347
66.39313,384
66.41261,386
66.43208,335
66.45155,360
66.47102,390
66.4905,361
66.50997,368
66.52944,330
66.54892,371
66.56839,370
66.58786,342
66.60733,354
66.62681,352
66.64628,336
66.66575,337
66.68522,357
66.7047,321
66.72417,319
66.74364,361
66.76312,295
66.78259,308
66.80206,326
66.82153,309
66.84101,338
66.86048,351
66.87995,330
66.89943,346
66.9189,392
66.93837,322
66.95784,348
66.97732,343
66.99679,360
67.01626,359
67.03573,332
67.05521,363
67.07468,384
67.09415,366
67.11363,341
67.1331,327
67.15257,345
67.17204,326
67.19152,358
67.21099,327
67.23046,327
67.24994,343
67.26941,337
67.28888,335
67.30835,317
67.32783,340
67.3473,333
67.36677,352
67.38624,358
67.40572,345
67.42519,356
67.44466,374
67.46414,384
67.48361,332
67.50308,301
67.52255,379
67.54203,320
67.5615,371
67.58097,341
67.60044,351
67.61992,328
67.63939,332
67.65886,359
67.67834,352
67.69781,345
67.71728,334
67.73675,328
67.75623,352
67.7757,356
67.79517,337
67.81465,331
67.83412,399
67.85359,391
67.87306,376
67.89254,405
67.91201,463
67.93148,445
67.95095,449
67.97043,448
67.9899,445
68.00937,403
68.02885,386
68.04832,392
68.06779,367
68.08726,399
68.10674,388
68.12621,422
68.14568,394
68.16516,398
68.18463,370
68.2041,377
68.22357,372
68.24305,363
68.26252,343
68.28199,360
68.30146,387
68.32094,384
68.34041,344
68.35988,330
68.37936,275
68.39883,344
68.4183,365
68.43777,309
68.45725,341
68.47672,334
68.49619,307
68.51566,334
68.53514,304
68.55461,338
68.57408,347
68.59356,324
68.61303,325
68.6325,310
68.65197,326
68.67145,309
68.69092,326
68.71039,269
68.72987,329
68.74934,317
68.76881,356
68.78828,350
68.80776,343
68.82723,359
68.8467,292
68.86617,324
68.88565,320
68.90512,340
68.92459,287
68.94407,299
68.96354,348
68.98301,328
69.00248,353
69.02196,323
69.04143,318
69.0609,387
69.08038,370
69.09985,347
69.11932,343
69.13879,357
69.15827,321
69.17774,344
69.19721,357
69.21668,332
69.23616,334
69.25563,303
69.2751,335
69.29458,296
69.31405,332
69.33352,305
69.35299,329
69.37247,332
69.39194,312
69.41141,358
69.43088,351
69.45036,330
69.46983,329
69.4893,340
69.50878,354
69.52825,338
69.54772,340
69.56719,342
69.58667,307
69.60614,334
69.62561,329
69.64509,318
69.66456,316
69.68403,329
69.7035,335
69.72298,333
69.74245,333
69.76192,328
69.78139,333
69.80087,327
69.82034,318
69.83981,345
69.85929,317
69.87876,326
69.89823,312
69.9177,341
69.93718,341
69.95665,305
69.97612,296
69.9956,326
70.01507,332
70.03454,339
70.05401,317
70.07349,298
70.09296,306
70.11243,276
70.1319,298
70.15138,311
70.17085,339
70.19032,295
70.2098,299
70.22927,312
70.24874,288
70.26821,319
70.28769,340
70.30716,330
70.32663,340
70.3461,325
70.36558,327
70.38505,329
70.40452,286
70.424,337
70.44347,325
70.46294,320
70.48241,303
70.50189,292
70.52136,302
70.54083,318
70.56031,330
70.57978,308
70.59925,304
70.61872,296
70.6382,313
70.65767,280
70.67714,315
70.69661,273
70.71609,346
70.73556,299
70.75503,316
70.77451,282
70.79398,297
70.81345,321
70.83292,331
70.8524,330
70.87187,323
70.89134,293
70.91082,322
70.93029,319
70.94976,309
70.96923,283
70.98871,293
