101.042,923.34
104.248,653.922
107.451,468.596
110.653,335.513
113.856,288.119
117.056,250.997
120.255,193.442
123.45,98.1796
126.647,35.3255
129.842,21.6499
133.034,-35.3579
136.227,-50.2107
139.418,-44.4084
142.609,13.6142
145.796,60.0548
148.983,98.4786
152.169,157.059
155.353,171.64
158.537,219.527
161.719,217.199
164.901,204.538
168.081,146.266
171.258,139.421
174.436,124.735
177.611,111.707
180.785,88.7975
183.959,115.916
187.131,103.331
190.302,140.73
193.471,121.1
196.639,126.915
199.807,106.997
202.971,89.0154
206.136,58.4414
209.298,55.6158
212.461,-17.5336
215.621,-20.123
218.782,-5.23539
221.939,7.71549
225.096,32.568
228.251,27.7853
231.406,-0.22988
234.559,4.42238
237.709,-24.1999
240.861,-46.2435
244.011,-24.9175
247.158,-7.8913
250.304,8.84219
253.451,29.33
256.594,21.7056
259.737,24.8725
262.879,26.5591
266.019,51.1186
269.159,55.7685
272.297,60.7535
275.433,77.4883
278.569,127.928
281.704,143.447
284.836,172.428
287.967,233.999
291.1,264.154
294.229,333.491
297.356,419.201
300.483,414.684
303.609,403.966
306.732,359.654
309.855,310.04
312.978,253.859
316.097,251.795
319.218,235.102
322.335,248.775
325.452,270.824
328.567,279.204
331.681,270.682
334.794,296.106
337.906,318.84
341.017,326.552
344.127,314.179
347.234,323.115
350.342,316.593
353.447,315.751
356.553,329.165
359.656,317.226
362.757,324.757
365.858,319.388
368.957,304.448
372.056,304.557
375.153,284.987
378.25,280.823
381.343,290.708
384.438,321.309
387.529,342.625
390.619,346.851
393.71,377.443
396.798,367.272
399.886,287.948
402.972,256.425
406.057,202.973
409.139,172.901
412.222,192.543
415.304,218.627
418.382,273.186
421.462,344.526
424.539,471.893
427.615,615.995
430.69,774.258
433.763,918.134
436.836,912.141
439.908,698.485
442.978,409.921
446.046,196.094
449.114,79.9126
452.18,-32.9946
455.246,-49.522
458.31,-20.0613
461.372,-28.6113
464.433,-7.17098
467.494,2.26103
470.553,29.6849
473.611,73.102
476.669,164.514
479.723,221.92
482.778,321.322
485.83,396.72
488.884,402.116
491.934,441.509
494.983,458.901
498.031,446.292
501.078,413.683
504.124,331.074
507.169,312.466
510.211,285.859
513.255,301.253
516.294,276.65
519.336,260.049
522.374,267.452
525.411,210.857
528.446,224.266
531.481,175.679
534.515,169.096
537.548,156.517
540.58,101.943
543.609,71.373
546.639,60.8085
549.666,74.2487
552.692,77.6943
555.719,85.1449
558.743,112.601
561.766,98.0629
564.787,96.995
567.808,92.1087
570.826,73.9331
573.845,83.0283
576.863,57.3532
579.878,47.8393
582.891,20.2372
585.906,44.4924
588.918,40.598
591.929,30.5817
594.939,19.0962
597.948,40.9611
600.954,53.2492
603.961,49.4055
606.966,84.7266
609.969,123.871
612.971,147.105
615.974,171.106
618.974,152.185
621.973,189.39
624.971,177.158
627.968,188.17
630.962,240.144
633.957,279.451
636.951,324.37
639.942,468.277
642.934,713.477
645.923,1056.33
648.911,1397.12
651.898,1673.9
654.884,1726
657.869,1563.73
660.853,1266.37
663.834,976.987
666.816,735.273
669.795,528.606
672.775,379.681
675.752,285.665
678.729,204.997
681.704,158.185
684.678,158.409
687.651,129.014
690.624,100.95
693.595,100.823
696.563,76.2344
699.533,55.5346
702.499,75.8898
705.464,79.9165
708.429,94.9912
711.394,100.048
714.355,102.825
717.316,110.837
720.277,132.146
723.237,87.2766
726.193,72.5719
729.151,56.5592
732.106,18.0869
735.059,5.10907
738.014,-24.4371
740.966,-30.6513
743.917,-38.964
746.865,-31.6451
749.814,-32.2351
752.762,-8.66
755.707,-11.4024
758.653,-27.019
761.596,-25.9212
764.538,-2.09965
767.479,-13.3198
770.419,2.21665
773.358,22.3745
776.297,33.7675
779.234,46.4128
782.17,63.5913
785.104,108.209
788.036,136.985
790.97,160.818
793.9,166.586
796.83,198.834
799.759,212.563
802.686,262.232
805.613,285.739
808.537,307.043
811.462,347.249
814.384,388.062
817.307,386.661
820.227,432.499
823.146,456.839
826.064,445.157
828.981,413.588
831.897,376.318
834.813,339.937
837.725,289.235
840.638,273.689
843.549,280.642
846.46,335.067
849.369,414.469
852.276,504.346
855.183,592.271
858.089,654.165
860.994,666.44
863.896,676.59
866.799,643.364
869.699,596.003
872.6,489.124
875.498,372.588
878.395,292.989
881.292,224.623
884.187,193.753
887.081,188.765
889.975,175.987
892.867,150.895
895.757,142.549
898.646,133.326
901.536,131.217
904.422,116.045
907.308,112.765
910.193,56.3586
913.077,34.2734
915.961,61.6255
918.841,49.9264
921.722,95.3048
924.601,122.126
927.48,174.937
930.357,223.057
933.232,196.166
936.107,283.616
938.981,282.753
941.854,272.244
944.725,241.384
947.595,265.116
950.465,247.417
953.332,217.571
956.198,208.589
959.064,199.535
961.928,218.743
964.792,221.475
967.654,197.216
970.516,204.123
973.377,208.928
976.235,179.373
979.094,198.521
981.95,186.167
984.805,223.557
987.659,182.584
990.512,145.382
993.365,101.955
996.216,95.5148
999.065,86.3894
1001.91,141.666
1004.76,167.371
1007.61,159.364
1010.45,227.356
1013.3,196.002
1016.14,252.123
1018.98,270.658
1021.82,266.001
1024.66,251.952
1027.5,186.248
1030.34,194.327
1033.18,123.945
1036.01,145.562
1038.85,97.7062
1041.68,68.4691
1044.51,107.305
1047.34,31.8168
1050.17,-3.04286
1053,12.9457
1055.83,29.9797
1058.65,2.54648
1061.48,10.065
1064.3,4.66902
1067.13,-12.9359
1069.95,-0.79831
1072.77,11.8826
1075.59,22.4809
1078.41,13.8148
1081.23,15.673
1084.04,14.7424
1086.86,55.1393
1089.67,106.613
1092.48,108.931
1095.3,140.773
1098.11,145.324
1100.92,149.76
1103.73,144.972
1106.53,172.878
1107.3,174.169
1110.14,205.689
1112.97,191.844
1115.8,166.021
1118.63,134.565
1121.46,90.8767
1124.28,23.3556
1127.11,-13.5912
1129.94,-1.96658
1132.76,-6.58512
1135.58,-7.28371
1138.4,10.5025
1141.22,-2.90919
1144.04,28.5026
1146.86,29.1081
1149.68,64.8696
1152.5,93.5759
1155.31,91.1712
1158.13,104.955
1160.94,113.006
1163.75,104.785
1166.56,56.8649
1169.37,77.5071
1172.18,69.5104
1174.99,60.8339
1177.8,90.3648
1180.6,39.1706
1183.41,69.3016
1186.21,52.4715
1189.01,11.4094
1191.81,6.15453
1194.61,-31.1961
1197.41,-18.5839
1200.21,-15.6829
1203.01,-34.3509
1205.81,-25.0466
1208.6,-30.698
1211.39,-25.1782
1214.19,-32.1678
1216.98,-23.553
1219.77,-32.0872
1222.56,-22.4644
1225.35,-2.21978
1228.14,-10.8572
1230.92,9.55519
1233.71,23.8564
1236.49,24.329
1239.28,22.7837
1242.06,28.1492
1244.84,6.06161
1247.62,4.90591
1250.4,-3.13054
1253.18,-11.1304
1255.96,5.96617
1258.73,19.3836
1261.51,28.553
1264.28,30.6723
1267.05,40.6532
1269.83,55.997
1272.6,30.4425
1275.37,25.4172
1278.13,22.4987
1280.9,13.123
1283.67,13.9654
1286.43,-7.63635
1289.2,24.6703
1291.96,38.034
1294.73,53.5137
1297.49,50.8769
1300.25,59.9402
1303.01,28.9397
1305.76,33.4238
1308.52,31.6474
1311.28,6.11645
1314.03,9.47723
1316.79,-4.92445
1319.54,-9.62279
1322.29,-9.38722
1325.04,2.73094
1327.79,-7.20316
1330.54,-22.4718
1333.29,-31.4653
1336.03,-6.81567
1338.78,14.6002
1341.53,-10.0229
1344.27,-9.52641
1347.01,-20.3704
1349.75,-18.6973
1352.49,-29.1505
1355.23,-13.6219
1357.97,-13.6361
1360.71,-3.82665
1363.45,-12.5489
1366.18,-14.964
1368.92,-12.371
1371.65,-13.0239
1374.38,-12.6338
1377.11,-12.7274
1379.84,7.46785
1382.57,-6.30952
1385.3,2.64083
1388.03,32.7968
1390.75,58.4224
1393.48,72.5594
1396.2,85.0603
1398.92,96.0929
1401.65,104.183
1404.37,150.536
1407.09,146.843
1409.8,144.845
1412.52,116.251
1415.24,149.953
1417.96,133.908
1420.67,128.914
1423.38,166.795
1426.1,171.613
1428.81,192.654
1431.52,256.724
1434.23,293.859
1436.94,394.662
1439.64,488.411
1442.35,571.388
1445.06,661.979
1447.76,744.579
1450.46,779.222
1453.16,761.789
1455.87,726.567
1458.57,672.413
1461.27,559.541
1463.96,451.076
1466.66,376.96
1469.36,293.079
1472.05,236.11
1474.75,207.101
1477.44,166.483
1480.13,143.002
1482.82,105.401
1485.51,85.6827
1488.2,68.9026
1490.89,33.4243
1493.58,30.2114
1496.26,32.533
1498.95,18.0857
1501.63,8.12142
1504.32,1.16234
1507,-6.44944
1509.68,15.1407
1512.36,10.3324
1515.04,-5.66003
1517.71,-11.0622
1520.39,0.89517
1523.07,-4.83713
1525.74,-0.41654
1528.42,32.1375
1531.09,17.2571
1533.76,6.71762
1536.43,-3.29388
1539.1,1.25067
1541.77,20.9908
1544.44,17.6676
1547.1,24.0217
1549.77,13.8743
1552.43,30.293
1555.1,43.7296
1557.76,26.7382
1560.42,29.2833
1563.08,24.7972
1565.74,8.1347
1568.4,3.55545
1571.06,4.09427
1573.71,-10.144
1576.37,8.47634
1579.03,5.08923
1581.68,-12.9932
1584.33,-2.10589
1586.98,0.85185
1589.64,23.6377
1592.28,8.07418
1594.93,-21.992
1597.58,-23.8992
1600.23,10.1409
1602.87,4.93753
1605.52,-21.768
1608.16,-9.41787
1610.8,6.97016
1613.44,-6.53929
1616.09,-1.86882
1618.73,-15.1076
1621.36,-14.2234
1624,-11.766
1626.64,14.3696
1629.27,-7.74435
1631.91,-20.6977
1634.54,-15.6085
1637.17,-14.6777
1639.81,11.1143
1642.44,-24.024
1645.07,-10.4469
1647.69,-6.33543
1650.32,-1.59018
1652.95,-4.65831
1655.58,-10.8605
1658.2,0.82905
1660.82,-3.49355
1663.45,-11.3951
1666.07,0.12877
1668.69,2.49469
1671.31,14.0011
1673.93,13.3659
1676.54,12.986
1679.16,-3.42424
1681.78,-3.53114
1684.39,2.58783
1687,-6.72151
1689.62,25.8424
1692.23,3.53097
1694.84,23.0564
1697.45,2.44246
1700.06,-1.66235
1702.67,24.3113
1705.27,9.06974
1707.88,6.53181
1710.48,37.4025
1713.09,17.6695
1715.69,60.4895
1718.29,89.9286
1720.89,154.842
1723.49,179.015
1726.09,249.222
1728.69,332.31
1731.29,386.714
1733.88,429.085
1736.48,440.755
1739.07,429.809
1741.67,404.16
1744.26,322.275
1746.85,247.345
1749.44,198.523
1752.03,137.431
1754.62,95.2675
1757.2,68.7286
1759.79,65.6217
1762.37,35.3911
1764.96,50.1795
1767.54,35.4148
1770.12,26.4568
1772.71,24.8969
1775.29,24.0069
1777.87,13.2808
1780.44,21.8953
1783.02,8.7265
1785.6,11.4383
1788.17,10.5222
1790.75,15.2407
1793.32,27.5504
1795.89,-2.54114
1798.47,-18.0269
1801.04,2.84536
1803.61,-19.0696
1806.17,26.8394
1808.74,-6.62235
1811.31,-19.5847
1813.88,-1.91441
1816.44,-6.27383
1819,-11.2375
1821.57,-1.28033
1824.13,-0.85244
1826.69,-29.4514
1829.25,-6.79552
1831.81,-25.2136
1834.37,-27.811
1836.92,-16.3481
1839.48,3.94325
1842.03,-23.2658
1844.59,-16.9322
1847.14,-17.1122
1849.69,-9.66072
1852.24,-11.635
1854.8,5.57823
1857.35,-21.7608
1859.89,-18.1483
1862.44,0.90526
1864.99,-11.9153
1867.53,3.55411
1870.08,-20.6368
1872.62,4.95543
1875.16,-23.3585
1877.7,-6.25912
1880.24,10.7554
1882.78,-2.21681
1885.32,-9.94231
1887.86,5.45882
1890.4,1.49205
1892.94,5.11856
1895.47,-5.04121
1898,-7.21797
1900.54,-8.31275
1903.07,-14.0686
1905.6,17.3381
1908.13,19.0008
1910.66,-17.4274
1913.19,-5.5199
1915.71,13.2512
1918.24,7.74579
1920.77,9.99871
1923.29,3.48583
1925.81,-4.59592
1928.34,6.16082
1930.86,4.74201
1933.38,29.3063
1935.9,8.50246
1938.42,11.2528
1940.94,4.8453
1943.45,9.98182
1945.97,22.4406
1948.48,9.27551
