101.042,57.1033
104.248,55.0952
107.451,57.2953
110.653,64.0718
113.856,43.3813
117.056,35.4828
120.255,25.1314
123.45,27.9017
126.647,15.0192
129.842,31.7595
133.034,27.0923
136.227,23.6302
139.418,19.4884
142.609,21.9426
145.796,39.4594
148.983,50.4498
152.169,42.7384
155.353,43.2069
158.537,63.5352
161.719,68.1444
164.901,60.3734
168.081,61.5208
171.258,49.2515
174.436,42.5596
177.611,53.0766
180.785,37.6936
183.959,53.6368
187.131,56.5773
190.302,56.157
193.471,53.9991
196.639,51.6288
199.807,43.0474
202.971,38.6664
206.136,30.0434
209.298,32.5282
212.461,25.0639
215.621,16.5579
218.782,18.3499
221.939,16.651
225.096,9.90821
228.251,12.5253
231.406,8.15176
234.559,5.8034
237.709,10.3256
240.861,13.6701
244.011,-8.07729
247.158,-7.62899
250.304,8.85856
253.451,3.46124
256.594,8.09355
259.737,2.76912
262.879,-4.06543
266.019,-5.13228
269.159,-5.87831
272.297,2.59442
275.433,-6.13144
278.569,-6.99726
281.704,0.47696
284.836,-4.86934
287.967,0.57307
291.1,2.77284
294.229,-2.40101
297.356,7.26286
300.483,-3.46907
303.609,-4.28845
306.732,-4.35634
309.855,1.94765
312.978,0.80741
316.097,5.49117
319.218,11.4581
322.335,15.9057
325.452,9.61115
328.567,2.8799
331.681,4.86994
334.794,6.70736
337.906,14.234
341.017,23.2391
344.127,16.1343
347.234,20.9423
350.342,22.4748
353.447,27.9713
356.553,27.4177
359.656,28.752
362.757,16.5836
365.858,16.7957
368.957,31.9635
372.056,27.1514
375.153,24.9486
378.25,23.0454
381.343,17.3546
384.438,12.9119
387.529,15.5271
390.619,31.864
393.71,32.3854
396.798,22.2437
399.886,17.4293
402.972,11.5492
406.057,12.3189
409.139,0.04694
412.222,8.93616
415.304,0.75407
418.382,11.1391
421.462,13.6273
424.539,11.6108
427.615,10.5285
430.69,13.7661
433.763,-7.59076
436.836,4.518
439.908,2.71442
442.978,-1.61764
446.046,-3.46668
449.114,-5.68123
452.18,-5.95378
455.246,5.19373
458.31,-3.66305
461.372,-2.82997
464.433,-3.6472
467.494,-5.40639
470.553,-7.87295
473.611,0.47443
476.669,12.9114
479.723,28.7601
482.778,31.2092
485.83,40.0045
488.884,41.4475
491.934,46.3072
494.983,40.6038
498.031,50.5443
501.078,52.5493
504.124,43.3261
507.169,41.6489
510.211,29.2601
513.255,27.3938
516.294,32.064
519.336,36.6407
522.374,42.4384
525.411,29.4178
528.446,37.7521
531.481,31.195
534.515,24.4972
537.548,13.4271
540.58,22.0194
543.609,9.85766
546.639,14.6856
549.666,5.71161
552.692,6.42033
555.719,7.07286
558.743,12.6324
561.766,13.7468
564.787,18.3867
567.808,12.9063
570.826,3.43277
573.845,8.8313
576.863,9.2036
579.878,26.8408
582.891,12.8945
585.906,-4.2582
588.918,-8.29638
591.929,7.5736
594.939,7.88736
597.948,22.5379
600.954,10.8394
603.961,11.8553
606.966,1.25719
609.969,-10.0722
612.971,10.0714
615.974,1.61583
618.974,12.8771
621.973,4.28265
624.971,8.65988
627.968,16.116
630.962,9.66576
633.957,32.6295
636.951,44.6107
639.942,41.5989
642.934,80.5718
645.923,105.268
648.911,149.472
651.898,175.146
654.884,186.998
657.869,150.438
660.853,119.2
663.834,91.5014
666.816,53.8108
669.795,42.7811
672.775,26.2007
675.752,11.6832
678.729,8.75773
681.704,24.9742
684.678,19.1151
687.651,3.99282
690.624,-1.57495
693.595,5.46164
696.563,1.51509
699.533,-7.03852
702.499,-9.21474
705.464,-2.26981
708.429,1.66969
711.394,1.75927
714.355,-2.87062
717.316,7.27947
720.277,11.2672
723.237,8.28658
726.193,12.8688
729.151,2.2647
732.106,-1.48348
735.059,-7.45206
738.014,0.60631
740.966,-1.98798
743.917,-8.01126
746.865,-0.98301
749.814,-4.0898
752.762,0.04916
755.707,-2.19573
758.653,-2.78538
761.596,-11.0519
764.538,-9.75871
767.479,1.69252
770.419,8.46712
773.358,6.20535
776.297,7.77617
779.234,8.61722
782.17,10.352
785.104,16.7704
788.036,7.6489
790.97,9.20081
793.9,2.65673
796.83,7.66556
799.759,17.0865
802.686,13.9421
805.613,24.2512
808.537,27.801
811.462,39.9543
814.384,29.9661
817.307,18.5327
820.227,28.4446
823.146,39.2226
826.064,37.3643
828.981,36.1829
831.897,32.9828
834.813,34.6083
837.725,30.3642
840.638,18.1874
843.549,11.9441
846.46,27.4881
849.369,38.5994
852.276,40.7591
855.183,55.0597
858.089,52.3435
860.994,56.0444
863.896,62.3028
866.799,58.4454
869.699,42.8089
872.6,43.2851
875.498,28.9743
878.395,24.4873
881.292,12.0219
884.187,11.7826
887.081,13.7096
889.975,14.2001
892.867,11.4266
895.757,3.92792
898.646,3.38885
901.536,0.43441
904.422,-0.98089
907.308,10.0416
910.193,14.0543
913.077,-1.16052
915.961,9.94273
918.841,17.5559
921.722,15.7847
924.601,16.2548
927.48,19.7171
930.357,16.2379
933.232,9.74048
936.107,20.9997
938.981,18.0891
941.854,10.7136
944.725,3.95606
947.595,-4.9608
950.465,-6.98849
953.332,-3.36843
956.198,-1.60083
959.064,2.07113
961.928,-1.90264
964.792,-12.244
967.654,-6.73059
970.516,-6.85123
973.377,1.58325
976.235,4.09092
979.094,-8.10678
981.95,-18.3504
984.805,-3.72235
987.659,-4.37304
990.512,17.7589
993.365,16.0821
996.216,4.20316
999.065,14.381
1001.91,20.5165
1004.76,27.6899
1007.61,21.4824
1010.45,21.6921
1013.3,32.0516
1016.14,34.4046
1018.98,48.3819
1021.82,50.8333
1024.66,31.1428
1027.5,45.9238
1030.34,33.6209
1033.18,32.1757
1036.01,44.0101
1038.85,45.0534
1041.68,38.9654
1044.51,12.0866
1047.34,32.7734
1050.17,24.2629
1053,21.1712
1055.83,18.026
1058.65,29.3121
1061.48,30.6423
1064.3,31.2067
1067.13,34.5357
1069.95,20.806
1072.77,17.8661
1075.59,19.6488
1078.41,23.3564
1081.23,19.4118
1084.04,29.4308
1086.86,38.0121
1089.67,39.6541
1092.48,34.7935
1095.3,38.545
1098.11,49.1769
1100.92,49.6171
1103.73,50.9238
1106.53,46.4655
1107.3,40.5503
1110.14,27.5468
1112.97,37.8941
1115.8,46.5777
1118.63,40.8196
1121.46,34.0568
1124.28,13.432
1127.11,20.1344
1129.94,23.4389
1132.76,13.0916
1135.58,15.4323
1138.4,10.4112
1141.22,2.88547
1144.04,1.84325
1146.86,15.807
1149.68,23.3623
1152.5,15.805
1155.31,32.2056
1158.13,23.9906
1160.94,25.455
1163.75,17.6465
1166.56,17.9107
1169.37,11.279
1172.18,25.2457
1174.99,1.10394
1177.8,19.2729
1180.6,7.61787
1183.41,13.8941
1186.21,-1.06828
1189.01,15.6481
1191.81,14.788
1194.61,16.7642
1197.41,5.0326
1200.21,20.4195
1203.01,-17.2159
1205.81,18.3189
1208.6,11.7577
1211.39,2.17355
1214.19,-12.0727
1216.98,0.85837
1219.77,27.3333
1222.56,-1.21242
1225.35,-9.37615
1228.14,4.67605
1230.92,2.53652
1233.71,22.7499
1236.49,14.2148
1239.28,-1.13286
1242.06,11.7724
1244.84,4.38145
1247.62,-1.24696
1250.4,5.09665
1253.18,-0.63126
1255.96,-0.01675
1258.73,5.58041
1261.51,-4.63641
1264.28,10.2213
1267.05,3.85731
1269.83,-0.75562
1272.6,-7.30139
1275.37,-1.6349
1278.13,-9.81634
1280.9,-4.80071
1283.67,1.96136
1286.43,-8.68055
1289.2,8.54617
1291.96,7.5304
1294.73,2.82767
1297.49,0.923
1300.25,14.961
1303.01,3.91574
1305.76,5.43467
1308.52,-2.86966
1311.28,7.68116
1314.03,-3.66795
1316.79,-3.18792
1319.54,2.02223
1322.29,-1.94787
1325.04,-5.03357
1327.79,-13.6916
1330.54,10.9804
1333.29,2.52384
1336.03,17.8618
1338.78,0.08055
1341.53,-1.38473
1344.27,6.29605
1347.01,-7.41728
1349.75,-2.4707
1352.49,-13.3677
1355.23,-14.3959
1357.97,8.57453
1360.71,10.1275
1363.45,-0.41175
1366.18,-4.86526
1368.92,-2.48894
1371.65,7.23759
1374.38,-4.95766
1377.11,-3.14402
1379.84,-2.49323
1382.57,-12.0038
1385.3,-3.35004
1388.03,-1.83423
1390.75,-3.92916
1393.48,0.0849
1396.2,1.04165
1398.92,8.1138
1401.65,17.7476
1404.37,4.35425
1407.09,11.0678
1409.8,17.9468
1412.52,8.45595
1415.24,15.3603
1417.96,23.907
1420.67,18.1142
1423.38,17.9545
1426.1,23.6301
1428.81,24.0957
1431.52,38.0221
1434.23,33.8519
1436.94,45.0652
1439.64,62.9914
1442.35,88.5767
1445.06,79.4287
1447.76,77.327
1450.46,82.2828
1453.16,92.9854
1455.87,74.267
1458.57,65.6834
1461.27,47.9581
1463.96,40.47
1466.66,30.4681
1469.36,31.6226
1472.05,32.534
1474.75,21.9114
1477.44,20.6963
1480.13,12.2253
1482.82,0.78377
1485.51,3.48442
1488.2,4.52911
1490.89,0.50415
1493.58,8.51391
1496.26,-1.90733
1498.95,-1.64318
1501.63,3.12533
1504.32,-12.4474
1507,-10.5391
1509.68,-4.58053
1512.36,9.91165
1515.04,-0.14257
1517.71,0.34813
1520.39,-14.5661
1523.07,-7.90774
1525.74,-2.48202
1528.42,4.69878
1531.09,13.3658
1533.76,-11.5819
1536.43,-13.4786
1539.1,10.4267
1541.77,3.09177
1544.44,1.56443
1547.1,0.66203
1549.77,5.94553
1552.43,-1.12224
1555.1,10.814
1557.76,5.05549
1560.42,16.9442
1563.08,5.61413
1565.74,5.57627
1568.4,0.70846
1571.06,0.0223
1573.71,1.06946
1576.37,-5.40345
1579.03,1.0961
1581.68,3.6129
1584.33,7.8058
1586.98,5.48026
1589.64,1.30E+01
1592.28,-3.73484
1594.93,-4.90186
1597.58,8.80277
1600.23,-12.296
1602.87,0.55663
1605.52,1.27556
1608.16,-3.65069
1610.8,-10.8933
1613.44,-5.0671
1616.09,0.82055
1618.73,2.78334
1621.36,13.6669
1624,-13.8338
1626.64,3.0413
1629.27,-5.08391
1631.91,-7.38E-04
1634.54,-2.06966
1637.17,7.8668
1639.81,10.9535
1642.44,7.77589
1645.07,2.75619
1647.69,1.7614
1650.32,12.9598
1652.95,10.3887
1655.58,17.0241
1658.2,14.3046
1660.82,16.1863
1663.45,-3.60059
1666.07,-0.01605
1668.69,4.2612
1671.31,14.9643
1673.93,5.33977
1676.54,7.19374
1679.16,9.52816
1681.78,6.67549
1684.39,24.4151
1687,16.495
1689.62,18.9727
1692.23,0.58825
1694.84,13.083
1697.45,4.72505
1700.06,4.52501
1702.67,3.58237
1705.27,6.49791
1707.88,11.9234
1710.48,2.36813
1713.09,8.45981
1715.69,11.1217
1718.29,12.5061
1720.89,1.8697
1723.49,29.3688
1726.09,24.0544
1728.69,30.5018
1731.29,43.9857
1733.88,42.7073
1736.48,44.9871
1739.07,53.73
1741.67,42.483
1744.26,33.701
1746.85,33.435
1749.44,13.1004
1752.03,3.37797
1754.62,8.72389
1757.2,1.95594
1759.79,8.04393
1762.37,3.80786
1764.96,-1.96412
1767.54,6.82812
1770.12,6.63414
1772.71,15.6938
1775.29,7.91035
1777.87,14.1784
1780.44,-0.56078
1783.02,7.92257
1785.6,16.6753
1788.17,9.70387
1790.75,18.8189
1793.32,2.01371
1795.89,-5.00809
1798.47,2.55027
1801.04,-3.87597
1803.61,1.92023
1806.17,2.63216
1808.74,-6.62997
1811.31,-0.54633
1813.88,-2.1052
1816.44,9.88771
1819,3.12229
1821.57,-19.1706
1824.13,-8.581
1826.69,-12.4702
1829.25,-9.89428
1831.81,-4.91035
1834.37,1.58465
1836.92,-12.2594
1839.48,-8.25096
1842.03,6.85548
1844.59,-10.0568
1847.14,8.38703
1849.69,-4.2209
1852.24,-4.15989
1854.8,-0.43736
1857.35,2.24126
1859.89,-1.32605
1862.44,-9.98046
1864.99,0.24863
1867.53,7.32722
1870.08,0.69945
1872.62,-5.8223
1875.16,-0.54863
1877.7,-3.66646
1880.24,9.03803
1882.78,1.97322
1885.32,4.54276
1887.86,1.61161
1890.4,10.5384
1892.94,6.73585
1895.47,0.07578
1898,13.1189
1900.54,7.24331
1903.07,5.89525
1905.6,0.02005
1908.13,15.0271
1910.66,9.30245
1913.19,9.69996
1915.71,4.93245
1918.24,8.81385
1920.77,3.21978
1923.29,6.44897
1925.81,-4.45543
1928.34,3.38536
1930.86,8.33413
1933.38,-5.20192
1935.9,5.50259
1938.42,3.54411
1940.94,3.74458
1943.45,11.5472
1945.97,14.7602
1948.48,16.178
