50.4719,-881.025
53.7042,242.637
56.9354,1369.52
60.1654,2321.72
63.3944,2799.35
66.6222,2816.52
69.8489,2875.33
73.0745,2777.87
76.299,2864.25
79.5224,3218.56
82.7425,5838.82
85.9637,8979.28
89.1837,9439.95
92.4005,9468.86
95.6184,5168.23
98.833,1692.02
102.049,1046.44
105.261,771.456
108.474,551.264
111.685,479.83
114.896,365.349
118.104,319.788
121.311,227.28
124.519,103.952
127.723,-20.2252
130.927,24.8742
134.129,-6.67896
137.331,-26.8144
140.531,-97.4631
143.73,25.442
146.928,-24.0325
150.125,-17.8221
153.321,-105.863
156.516,-74.0978
159.71,32.4292
162.902,21.9918
166.092,80.6359
169.282,14.5306
172.471,121.717
175.657,108.242
178.845,284.259
182.031,299.808
185.213,340.938
188.397,259.785
191.578,338.804
194.76,414.364
197.938,455.122
201.116,353.415
204.294,311.773
207.469,244.216
210.643,240.832
213.816,179.685
216.988,122.838
220.161,122.366
223.331,132.2951
226.5,154.701
229.668,149.64
232.834,125.167
235.998,1.32518
239.162,132.191
242.325,3.80261
245.488,-58.6091
248.649,-22.032
251.807,-86.2647
254.966,-173.262
258.124,-6.99952
261.279,-77.4514
264.435,-28.5778
267.587,59.6413
270.741,47.2425
273.891,72.2459
277.043,162.685
280.191,84.5807
283.339,165.961
286.485,246.852
289.632,459.278
292.776,395.26
295.919,616.823
299.061,817.989
302.202,986.781
305.342,1035.22
308.48,1203.32
311.618,1329.11
314.755,1512.61
317.89,2359.83
321.023,2568.8
324.156,2191.53
327.288,1796.04
330.42,1502.34
333.548,1350.46
336.677,1340.4
339.803,1176.19
342.93,1227.83
346.054,1185.35
349.179,1384.75
352.301,1418.05
355.422,1595.26
358.543,1750.4
361.662,1807.48
364.779,2062.5
367.896,2009.49
371.011,2174.44
374.126,2367.38
377.239,2568.31
380.352,2473.24
383.463,2222.17
386.573,2405.13
389.682,2504.12
392.79,2663.14
395.897,2928.2
399.001,3181.32
402.106,3688.49
405.21,3897.73
408.311,4039.04
411.413,4308.43
414.512,5033.91
417.611,6035.47
420.708,7901.13
423.803,10640.9
426.9,11078.7
429.994,12688.7
433.086,10512.8
436.177,6973
439.268,4121.32
442.357,2603.77
445.445,1984.1
448.533,1048.46
451.619,617.032
454.704,325.819
457.788,218.812
460.871,172.007
463.953,93.3969
467.032,60.9775
470.112,38.743
473.191,-43.3119
476.267,68.7951
479.344,13.0828
482.418,-28.4662
485.493,-33.8702
488.565,-89.1095
491.635,21.7851
494.707,4.83337
497.776,58.0044
500.843,-0.6948
503.91,-13.2565
506.975,130.288
510.04,151.945
513.104,141.71
516.166,133.578
519.227,191.542
522.288,123.598
525.347,257.74
528.406,243.961
531.461,268.258
534.517,252.625
537.573,325.055
540.625,247.53
543.678,360.073
546.729,362.664
549.78,351.283
552.828,297.954
555.877,288.644
558.923,305.374
561.968,324.113
565.013,312.882
568.056,417.649
571.098,428.422
574.139,397.198
577.179,395.97
580.218,376.733
583.256,385.484
586.293,314.216
589.329,264.926
592.364,295.608
595.396,208.259
598.429,194.872
601.461,255.444
604.49,215.9563
607.52,202.432
610.547,240.852
613.573,243.2
616.6,89.0948
619.623,103.96457
622.646,64.8022
625.67,99.6108
628.691,80.3795
631.711,105.111
634.73,71.8051
637.748,104.459
640.765,57.0716
643.78,135.642
646.793,88.1633
649.807,118.644
652.82,131.078
655.832,131.464
658.841,95.7957
661.851,78.0815
664.857,60.3111
667.865,28.4917
670.87,60.6139
673.876,14.6845
676.879,-23.3056
679.881,-29.3534
682.882,-33.4602
685.884,-11.6231
688.882,-61.8509
691.88,-74.1409
694.877,-12.4938
697.873,-40.9109
700.868,-61.393
703.86,-39.9448
706.853,37.4403
709.845,-9.24242
712.836,34.0062
715.824,-50.818
718.813,-25.709
721.799,-52.6745
724.786,6.29158
727.77,-26.8181
730.755,-23.9977
733.737,4.74545
736.718,-37.7465
739.698,-57.0481
742.677,-4.54817
745.657,1.76174
748.635,-16.1199
751.611,-124.195
754.584,-44.4544
757.558,21.0806
760.531,-31.5809
763.504,-74.4495
766.475,-29.5081
769.443,9.23293
772.412,-96.2272
775.379,-65.8894
778.346,-29.7623
781.31,-47.8309
784.276,-56.1116
787.238,-64.5895
790.2,6.71927
793.162,-30.1704
796.122,-13.2737
799.08,19.4161
802.038,17.9056
804.995,40.1807
807.95,24.248
810.905,30.1076
813.859,17.7593
816.809,13.2031
819.761,50.4388
822.712,77.4668
825.66,0.28114
828.608,50.8937
831.554,73.2991
834.501,135.492
837.445,87.4836
840.388,93.2639
843.332,46.8435
846.273,38.2129
849.214,119.378
852.153,182.343
855.091,123.101
858.028,153.656
860.964,148.009
863.9,68.1616
866.834,140.114
869.767,99.8668
872.698,61.4215
875.629,190.779
878.558,193.94
881.487,230.903
884.414,235.676
887.342,208.252
890.266,258.641
893.19,172.836
896.115,242.845
899.037,288.664
901.958,270.297
904.878,281.748
907.797,341.013
910.715,278.097
913.632,377.001
916.548,347.727
919.461,320.275
922.376,368.649
925.289,398.849
928.199,448.876
931.111,460.735
934.019,426.426
936.929,417.949
939.835,477.31
942.741,454.506
945.646,559.544
948.551,444.422
951.454,425.143
954.356,471.71
957.257,418.125
960.157,504.39
963.054,564.506
965.952,494.475
968.849,464.301
971.746,511.986
974.639,563.53
977.533,532.938
980.425,630.209
983.317,599.349
986.207,468.357
989.096,613.238
991.985,555.992
994.872,708.623
997.758,529.133
1000.64,647.523
1003.53,691.797
1006.41,603.957
1009.29,610.006
1012.17,659.945
1015.05,727.777
1017.93,727.504
1020.81,777.13
1023.68,710.656
1026.56,736.086
1029.43,851.421
1032.31,754.665
1035.18,865.817
1038.05,944.884
1040.92,1021.87
1043.79,1092.77
1046.66,1097.59
1049.53,1136.33
1052.39,1175
1055.26,1217.6
1058.12,1204.12
1060.99,1248.59
1063.85,1248.98
1066.71,1309.32
1069.57,1267.59
1072.43,1461.81
1075.29,1439.98
1078.14,1420.09
1081,1616.16
1083.85,1588.17
1086.71,1618.15
1089.56,1672.08
1092.41,1721.97
1095.26,1797.83
1098.11,1779.65
1100.96,1783.44
1103.81,1807.21
1106.65,1750.94
1109.5,1858.65
1112.34,1898.34
1115.18,1856.01
1118.03,1891.66
1120.87,1859.3
1123.71,1870.92
1126.55,1940.54
1129.38,1850.15
1132.22,1959.75
1135.06,1877.35
1137.89,1840.95
1140.73,1838.55
1143.56,1638.15
1146.39,1715.76
1149.22,1607.38
1152.05,1523.01
1154.88,1334.66
1157.71,1300.31
1160.53,1013.99
1163.36,929.682
1166.19,815.396
1169.01,713.137
1171.83,610.9
1174.65,596.693
1177.47,450.516
1180.29,386.37
1183.11,294.254
1185.93,324.177
1188.74,374.137
1191.56,228.136
1194.37,206.176
1197.19,244.262
1200,218.39
1202.81,132.564
1205.62,148.786
1208.43,187.061
1211.24,91.3856
1214.05,167.766
1216.85,86.2005
1219.66,40.6897
1222.46,109.24
1225.26,93.849
1228.07,174.52
1230.87,63.2534
1233.67,116.051
1236.47,94.9148
1239.26,55.8455
1242.06,-17.1534
1244.86,119.915
1247.65,115.055
1250.44,76.2699
1253.24,-16.4441
1256.03,-85.0815
1258.82,-15.6428
1261.61,27.8713
1264.4,9.4653
1267.19,-14.8614
1269.97,34.8922
1272.76,-11.2729
1275.54,46.6444
1278.33,-49.3551
1281.11,-17.2704
1283.89,-11.0995
1286.67,-62.8441
1289.45,15.4992
1292.23,13.9287
1295.01,-59.5527
1297.78,11.0537
1300.56,71.7505
1303.33,42.5372
1306.11,105.415
1308.88,14.3829
1311.65,49.443
1314.42,92.5951
1317.19,69.8398
1319.96,173.177
1322.73,44.6083
1325.49,88.1331
1328.26,173.751
1331.03,93.464
1333.79,23.271
1336.55,173.173
1339.31,95.1686
1342.07,31.2593
1344.83,75.4449
1347.59,157.725
1350.35,108.1
1353.1,18.5702
1355.86,137.135
1358.61,51.7939
1361.37,104.547
1364.12,121.395
1366.87,-29.6636
1369.62,-46.6288
1372.37,84.5001
1375.12,79.7213
1377.87,-12.9648
1380.61,-25.5586
1383.36,25.9404
1386.1,9.52985
1388.85,-26.7899
1391.59,30.9808
1394.33,6.83994
1397.07,-103.211
1399.81,-7.17241
1402.55,-55.048
1405.28,-34.8349
1408.02,53.4646
1410.76,-64.1519
1413.49,30.3165
1416.22,10.8704
1418.96,-4.49437
1421.69,16.2232
1424.42,11.0219
1427.15,85.9009
1429.88,60.8591
1432.6,35.8957
1435.33,135.007
1438.05,54.1973
1440.78,71.4623
1443.5,44.7989
1446.22,-31.7919
1448.95,13.6913
1451.67,31.2423
1454.39,36.8624
1457.1,38.5527
1459.82,78.307
1462.54,-1.87358
1465.26,16.007
1467.97,-40.0474
1470.68,-56.0408
1473.39,-23.9747
1476.11,-25.8531
1478.82,-29.6721
1481.53,-71.4388
1484.24,-77.149
1486.94,-58.8099
1489.65,-88.4203
1492.36,-147.979
1495.06,-109.493
1497.76,-158.961
1500.47,-168.385
1503.17,-157.769
1505.87,-29.1099
1508.57,-78.4112
1511.27,-51.6751
1513.96,-102.906
1516.66,-134.1
1519.36,-95.2654
1522.05,-60.3998
1524.75,-47.5053
1527.44,-36.5806
1530.13,-37.6337
1532.82,-0.66367
1535.51,-73.6717
1538.2,-0.65996
1540.89,30.3664
1543.58,55.4124
1546.26,2.47301
1548.95,-28.4575
1551.63,-3.37371
1554.31,-22.2845
1557,-55.1883
1559.68,-6.08345
1562.36,49.0212
1565.04,132.128
1567.71,53.2333
1570.39,18.337
1573.07,41.4366
1575.74,100.527
1578.42,73.6129
1581.09,134.689
1583.76,59.7508
1586.43,134.803
1589.11,-8.16412
1591.77,90.8525
1594.44,101.85
1597.11,66.8311
1599.78,83.7863
1602.44,60.7178
1605.11,69.6201
1607.77,44.4981
1610.43,59.3471
1613.09,138.165
1615.75,108.948
1618.42,85.6989
1621.07,126.411
1623.73,33.086
1626.39,-2.27529
1629.04,54.3197
1631.7,-9.12763
1634.35,55.3814
1637.01,125.845
1639.66,82.2619
1642.31,78.6275
1644.96,100.946
1647.61,117.214
1650.26,91.4268
1652.9,89.5883
1655.55,101.692
1658.2,81.7396
1660.84,75.7294
1663.48,153.663
1666.12,59.5344
1668.77,101.345
1671.41,101.09
1674.05,56.775
1676.68,134.396
1679.32,115.951
1681.96,65.4387
1684.59,86.8615
1687.23,104.214
1689.86,53.4989
1692.5,48.7144
1695.13,69.8622
1697.76,76.9374
1700.39,-4.05819
1703.02,126.873
1705.64,35.7341
1708.27,-29.477
1710.9,-46.7606
1713.52,11.8812
1716.15,92.4518
1718.77,4.94759
1721.39,63.3702
1724.01,-26.2789
1726.63,115.997
1729.25,-33.7992
1731.87,26.3314
1734.49,-25.6105
1737.1,-3.6259
1739.72,-1.71156
1742.34,76.1314
1744.95,35.9027
1747.56,-22.3949
1750.17,-16.7628
1752.78,58.8008
1755.39,60.298
1758,53.7278
1760.61,-4.90798
1763.22,70.392
1765.82,7.62899
1768.43,-33.1965
1771.03,53.9187
1773.64,-1.02493
1776.24,53.9737
1778.84,20.9176
1781.44,57.8074
1784.04,14.6456
1786.64,27.4342
1789.24,-5.82467
1791.83,90.8717
1794.43,3.52434
1797.02,24.1369
1799.62,0.71158
1802.21,31.251
1804.8,7.75759
1807.39,-63.765
1809.98,26.6855
1812.57,31.1128
1815.16,21.5196
1817.75,11.9097
1820.33,-47.7136
1822.92,26.6533
1825.5,-14.9858
1828.09,35.373
1830.67,-16.2666
1833.25,-53.9
1835.83,-81.5232
1838.41,-39.132
1840.99,-80.7217
1843.57,-48.2873
1846.14,-47.8246
1848.72,0.67156
1851.29,-78.7936
1853.87,-74.215
1856.44,-75.5871
1859.01,-72.9044
1861.58,-74.1619
1864.15,-77.3526
1866.72,-48.4717
1869.29,-21.5118
1871.86,-120.468
1874.43,-39.3331
1876.99,-22.1006
1879.56,-34.7637
1882.12,4.68466
1884.68,-27.7486
1887.25,-16.0561
1889.81,13.7696
1892.37,19.7348
1894.93,-30.1501
1897.48,38.1199
1900.04,10.5562
1902.6,-22.8361
1905.15,-44.0472
1907.71,60.9316
1910.26,-47.8905
1912.81,-0.50463
1915.36,1.09847
1917.91,10.9255
1920.46,52.9914
1923.01,11.3034
1925.56,33.8684
1928.11,10.6995
1930.65,81.8103
1933.2,39.2053
1935.74,12.898
1938.29,6.8994
1940.83,-14.7786
1943.37,7.87482
1945.91,56.8665
1948.45,-35.7816
1950.99,15.9373
1953.53,80.0304
1956.06,88.5148
1958.6,95.4103
1961.14,100.717
1963.67,60.4538
1966.2,60.6352
1968.74,193.274
1971.27,150.384
1973.8,137.972
1976.33,54.0682
1978.85,128.67
1981.38,135.809
1983.91,229.484
1986.44,213.718
1988.96,258.537
1991.48,199.937
1994.01,215.942
1996.53,350.572
1999.05,297.829
