50.4719,-418.247
53.7042,288.587
56.9354,1310.31
60.1654,2110.99
63.3944,2538.7
66.6222,2531.51
69.8489,2489.48
73.0745,2564.69
76.299,2433.19
79.5224,2761.06
82.7425,4046.31
85.9637,6921.09
89.1837,8005.43
92.4005,6129.33
95.6184,3974.95
98.833,1514.25
102.049,1101.38
105.261,778.309
108.474,623.177
111.685,479.954
114.896,424.774
118.104,357.61
121.311,348.553
124.519,217.688
127.723,220.993
130.927,148.552
134.129,182.411
137.331,8.61856
140.531,-14.7816
143.73,32.2552
146.928,23.7727
150.125,-144.187
153.321,20.4197
156.516,-80.3677
159.71,-42.5085
162.902,-1.96308
166.092,-78.7146
169.282,65.319
172.471,78.1524
175.657,195.802
178.845,160.344
182.031,127.793
185.213,182.165
188.397,229.529
191.578,179.884
194.76,335.294
197.938,337.759
201.116,213.327
204.294,104.039
207.469,127.899
210.643,90.949
213.816,73.2163
216.988,118.729
220.161,-40.4761
223.331,69.6057
226.5,35.0109
229.668,71.7647
232.834,-4.1088
235.998,23.4055
239.162,52.3489
242.325,82.7348
245.488,-63.4147
248.649,9.92212
251.807,-91.2408
254.966,-48.8686
258.124,-72.9485
261.279,-73.4671
264.435,-62.3929
267.587,-51.7193
270.741,32.5832
273.891,40.5213
277.043,122.123
280.191,209.393
283.339,276.356
286.485,301.024
289.632,435.42
292.776,553.548
295.919,659.428
299.061,823.073
302.202,1022.5
305.342,1121.71
308.48,1316.74
311.618,1461.58
314.755,1778.25
317.89,2096.76
321.023,2495.13
324.156,2491.36
327.288,2313.46
330.42,2135.45
333.548,1903.34
336.677,1691.13
339.803,1792.83
342.93,1676.46
346.054,1806.02
349.179,1713.53
352.301,1790.98
355.422,1868.38
358.543,2001.75
361.662,2163.1
364.779,2450.42
367.896,2765.72
371.011,2897.02
374.126,2890.31
377.239,2685.61
380.352,2570.92
383.463,2566.24
386.573,2621.58
389.682,2634.94
392.79,2834.34
395.897,2843.77
399.001,3089.23
402.106,3260.74
405.21,3334.3
408.311,3465.9
411.413,3657.56
414.512,3901.27
417.611,4721.05
420.708,5714.88
423.803,7048.78
426.9,10320.8
429.994,9920.8
433.086,8340.89
436.177,5881.07
439.268,3577.32
442.357,2317.66
445.445,1898.07
448.533,1516.56
451.619,1427.13
454.704,1287.79
457.788,1126.52
460.871,1139.34
463.953,1032.25
467.032,895.237
470.112,1008.31
473.191,947.474
476.267,860.718
479.344,868.051
482.418,783.465
485.493,840.969
488.565,700.554
491.635,706.224
494.707,749.982
497.776,681.82
500.843,669.74
503.91,705.743
506.975,779.826
510.04,791.99
513.104,814.234
516.166,812.555
519.227,786.954
522.288,863.428
525.347,849.976
528.406,1030.6
531.461,947.286
534.517,936.049
537.573,998.88
540.625,1069.77
543.678,1042.74
546.729,1075.76
549.78,1040.85
552.828,1133.99
555.877,1205.19
558.923,1196.45
561.968,1325.76
565.013,1415.12
568.056,1482.54
571.098,1320
574.139,1305.5
577.179,1205.05
580.218,892.639
583.256,658.268
586.293,563.934
589.329,389.634
592.364,225.367
595.396,167.125
598.429,264.915
601.461,274.731
604.49,214.564
607.52,174.423
610.547,96.2956
613.573,124.184
616.6,50.091
619.623,58.0038
622.646,139.925
625.67,143.859
628.691,123.791
631.711,219.724
634.73,243.656
637.748,239.586
640.765,257.509
643.78,269.425
646.793,277.324
649.807,333.216
652.82,267.093
655.832,300.952
658.841,266.786
661.851,262.603
664.857,182.39
667.865,188.156
670.87,145.887
673.876,123.591
676.879,89.2565
679.881,128.886
682.882,26.4771
685.884,8.03271
688.882,-8.45944
691.88,7.00338
694.877,12.4193
697.873,-40.2141
700.868,-20.8988
703.86,-23.6419
706.853,-18.4355
709.845,28.7133
712.836,-22.1974
715.824,-29.1744
718.813,-6.21012
721.799,-79.316
724.786,-68.4846
727.77,-97.7269
730.755,-67.0358
733.737,-130.422
736.718,-125.883
739.698,-25.42
742.677,-63.0355
745.657,3.27363
748.635,-56.5031
751.611,-28.3629
754.584,-24.3116
757.558,-32.3422
760.531,-12.4609
763.504,15.3312
766.475,-24.9676
769.443,50.6378
772.412,54.1533
775.379,29.5703
778.346,-11.1055
781.31,114.118
784.276,125.245
787.238,128.27
790.2,73.1932
793.162,70.0173
796.122,36.7348
799.08,37.3477
802.038,45.8552
804.995,74.2561
807.95,110.55
810.905,94.7346
813.859,190.81
816.809,70.7733
819.761,72.6279
822.712,172.371
825.66,175.999
828.608,101.516
831.554,148.917
834.501,214.206
837.445,83.3771
840.388,190.433
843.332,183.375
846.273,240.198
849.214,180.905
852.153,119.494
855.091,147.965
858.028,104.318
860.964,142.552
863.9,180.668
866.834,172.665
869.767,166.542
872.698,258.3
875.629,181.939
878.558,143.457
881.487,238.857
884.414,232.137
887.342,267.298
890.266,288.338
893.19,259.26
896.115,306.062
899.037,368.745
901.958,357.309
904.878,365.755
907.797,424.082
910.715,468.291
913.632,534.382
916.548,336.356
919.461,448.212
922.376,463.952
925.289,553.576
928.199,455.084
931.111,522.477
934.019,455.755
936.929,556.919
939.835,549.97
942.741,482.908
945.646,389.734
948.551,480.447
951.454,547.051
954.356,493.544
957.257,497.928
960.157,528.203
963.054,568.372
965.952,590.433
968.849,648.388
971.746,644.237
974.639,611.984
977.533,641.626
980.425,781.167
983.317,626.605
986.207,693.945
989.096,725.186
991.985,652.326
994.872,749.371
997.758,668.32
1000.64,779.174
1003.53,815.935
1006.41,816.603
1009.29,811.179
1012.17,865.665
1015.05,862.062
1017.93,846.374
1020.81,898.597
1023.68,896.737
1026.56,844.79
1029.43,970.763
1032.31,1008.65
1035.18,1162.46
1038.05,1232.2
1040.92,1328.85
1043.79,1425.43
1046.66,1390.94
1049.53,1428.37
1052.39,1421.73
1055.26,1505.02
1058.12,1474.25
1060.99,1609.4
1063.85,1640.49
1066.71,1645.52
1069.57,1766.48
1072.43,1769.38
1075.29,1806.22
1078.14,1813.01
1081,1891.73
1083.85,1934.4
1086.71,2107.02
1089.56,1943.59
1092.41,2112.1
1095.26,2126.57
1098.11,2134.99
1100.96,2063.36
1103.81,2091.69
1106.65,2057.97
1109.5,2114.22
1112.34,2052.43
1115.18,2152.6
1118.03,2116.72
1120.87,2102.82
1123.71,2086.88
1126.55,1938.91
1129.38,2106.92
1132.22,2120.89
1135.06,2080.84
1137.89,2024.76
1140.73,1992.65
1143.56,1856.53
1146.39,1826.38
1149.22,1754.21
1152.05,1536.03
1154.88,1487.83
1157.71,1339.62
1160.53,1101.4
1163.36,981.156
1166.19,830.912
1169.01,736.658
1171.83,508.398
1174.65,488.129
1177.47,417.859
1180.29,361.588
1183.11,341.315
1185.93,249.044
1188.74,236.778
1191.56,272.512
1194.37,128.252
1197.19,209.998
1200,89.7559
1202.81,161.52
1205.62,123.298
1208.43,119.089
1211.24,130.89
1214.05,44.7095
1216.85,92.5457
1219.66,80.4001
1222.46,84.2734
1225.26,2.16756
1228.07,108.084
1230.87,6.02288
1233.67,11.9907
1236.47,15.9802
1239.26,15.9969
1242.06,-23.9538
1244.86,22.1209
1247.65,22.2302
1250.44,-33.6283
1253.24,8.54256
1256.03,-7.24817
1258.82,24.9966
1261.61,7.278
1264.4,-14.4028
1267.19,-46.0445
1269.97,14.3538
1272.76,-69.2069
1275.54,-20.7216
1278.33,-4.19697
1281.11,-73.6242
1283.89,-43.01
1286.67,-8.34593
1289.45,-17.6385
1292.23,-2.8793
1295.01,-58.0709
1297.78,-9.21297
1300.56,5.69595
1303.33,8.65647
1306.11,97.6696
1308.88,56.7358
1311.65,21.8563
1314.42,69.0316
1317.19,28.2657
1319.96,69.5529
1322.73,0.89733
1325.49,94.3023
1328.26,89.7659
1331.03,11.2855
1333.79,86.8679
1336.55,-21.4897
1339.31,26.2137
1342.07,23.9785
1344.83,79.8051
1347.59,75.6942
1350.35,-24.3538
1353.1,55.6643
1355.86,15.7436
1358.61,-32.113
1361.37,42.0976
1364.12,-23.6292
1366.87,12.7117
1369.62,-16.8816
1372.37,1.59079
1375.12,-61.8727
1377.87,40.7324
1380.61,-36.5956
1383.36,50.1433
1386.1,-33.0486
1388.85,-34.1754
1391.59,-29.2349
1394.33,85.7754
1397.07,62.851
1399.81,3.99437
1402.55,-78.7926
1405.28,0.48801
1408.02,21.8346
1410.76,99.2507
1413.49,34.7343
1416.22,-41.7146
1418.96,93.9041
1421.69,37.59
1424.42,77.3432
1427.15,115.165
1429.88,161.052
1432.6,61.0054
1435.33,77.0268
1438.05,73.1142
1440.78,61.2662
1443.5,113.485
1446.22,109.769
1448.95,164.117
1451.67,88.53
1454.39,87.0075
1457.1,33.5496
1459.82,30.154
1462.54,4.82129
1465.26,-4.44907
1467.97,-33.6567
1470.68,-14.8039
1473.39,-89.8894
1476.11,-108.915
1478.82,-57.881
1481.53,-58.7876
1484.24,-95.6362
1486.94,-20.4264
1489.65,-27.1594
1492.36,-119.836
1495.06,-90.456
1497.76,-81.0214
1500.47,-79.5324
1503.17,0.01037
1505.87,-56.3937
1508.57,-56.7458
1511.27,-125.046
1513.96,-77.2962
1516.66,-71.4964
1519.36,-55.6478
1522.05,-85.7509
1524.75,-27.8069
1527.44,-105.817
1530.13,12.2193
1532.82,-57.7004
1535.51,-9.57639
1538.2,-37.4097
1540.89,0.79861
1543.58,9.04786
1546.26,83.3367
1548.95,-8.33555
1551.63,4.03024
1554.31,56.4326
1557,30.8709
1559.68,103.344
1562.36,57.8508
1565.04,56.3904
1567.71,-7.03874
1570.39,31.5632
1573.07,22.1948
1575.74,4.8544
1578.42,-8.45806
1581.09,64.2554
1583.76,2.9941
1586.43,65.757
1589.11,78.5435
1591.77,89.3515
1594.44,96.1805
1597.11,85.0286
1599.78,5.89598
1602.44,184.781
1605.11,55.6825
1607.77,62.5987
1610.43,115.53
1613.09,62.4735
1615.75,185.429
1618.42,118.397
1621.07,123.373
1623.73,128.358
1626.39,51.3512
1629.04,82.3507
1631.7,125.356
1634.35,72.3643
1637.01,79.377
1639.66,206.392
1642.31,147.407
1644.96,92.4237
1647.61,143.438
1650.26,70.4513
1652.9,99.4612
1655.55,128.468
1658.2,91.4688
1660.84,168.464
1663.48,137.451
1666.12,54.4317
1668.77,193.403
1671.41,162.365
1674.05,143.315
1676.68,128.255
1679.32,225.182
1681.96,134.095
1684.59,86.9939
1687.23,89.8786
1689.86,76.747
1692.5,-70.4011
1695.13,36.433
1697.76,17.2496
1700.39,-17.9526
1703.02,104.826
1705.64,27.5836
1708.27,38.3213
1710.9,47.0371
1713.52,33.731
1716.15,22.403
1718.77,27.0515
1721.39,37.6765
1724.01,-59.7223
1726.63,92.8544
1729.25,31.4061
1731.87,-0.06694
1734.49,70.4345
1737.1,50.91
1739.72,25.3598
1742.34,-8.21685
1744.95,0.1801
1747.56,28.5508
1750.17,36.8947
1752.78,17.2119
1755.39,-54.4975
1758,-48.2336
1760.61,-9.99644
1763.22,-11.7855
1765.82,38.3991
1768.43,48.5575
1771.03,100.69
1773.64,56.7973
1776.24,-1.12077
1778.84,22.9365
1781.44,8.96941
1784.04,-13.0214
1786.64,34.9646
1789.24,0.92798
1791.83,-71.1305
1794.43,-7.21021
1797.02,24.6898
1799.62,-41.4298
1802.21,-25.5679
1804.8,64.2762
1807.39,62.1039
1809.98,-0.08398
1812.57,71.7138
1815.16,-4.5015
1817.75,-2.72863
1820.33,-6.96623
1822.92,-13.2127
1825.5,-35.4669
1828.09,-3.72697
1830.67,-119.991
1833.25,-66.2581
1835.83,57.4741
1838.41,-24.7925
1840.99,-29.0561
1843.57,-87.3147
1846.14,-39.5662
1848.72,-75.8084
1851.29,27.961
1853.87,1.74439
1856.44,-136.456
1859.01,-114.637
1861.58,29.2024
1864.15,3.06642
1866.72,-35.0427
1869.29,-27.122
1871.86,-21.1687
1874.43,-53.1797
1876.99,18.8482
1879.56,30.9182
1882.12,-6.96646
1884.68,-38.8024
1887.25,25.4142
1889.81,-28.3134
1892.37,-31.9812
1894.93,52.4143
1897.48,12.8772
1900.04,-22.5885
1902.6,-31.9787
1905.15,62.711
1907.71,-2.51522
1910.26,-1.65342
1912.81,-76.6979
1915.36,-57.6445
1917.91,-16.4892
1920.46,54.7735
1923.01,44.1496
1925.56,81.6426
1928.11,-22.7416
1930.65,-30.9977
1933.2,-1.11981
1935.74,-41.1026
1938.29,9.05815
1940.83,-34.6285
1943.37,13.8418
1945.91,-11.5265
1948.45,9.27425
1950.99,98.2529
1953.53,29.4116
1956.06,26.7589
1958.6,16.3021
1961.14,54.0476
1963.67,-29.9973
1966.2,156.172
1968.74,84.5674
1971.27,53.1916
1973.8,146.058
1976.33,101.168
1978.85,62.5326
1981.38,124.164
1983.91,122.062
1986.44,154.239
1988.96,190.705
1991.48,119.461
1994.01,206.528
1996.53,133.909
1999.05,239.608
