50.4719,-1200.53
53.7042,-95.6354
56.9354,1334.08
60.1654,2826.6
63.3944,3749.91
66.6222,3965.98
69.8489,4174.79
73.0745,3868.32
76.299,3876.57
79.5224,4237.5
82.7425,4469.1
85.9637,4719.35
89.1837,4386.24
92.4005,3849.74
95.6184,2879.84
98.833,2614.53
102.049,2525.78
105.261,2261.59
108.474,2095.92
111.685,2038.78
114.896,1894.14
118.104,1763.99
121.311,1746.31
124.519,1385.1
127.723,1452.33
130.927,1337.99
134.129,1238.06
137.331,1130.55
140.531,851.421
143.73,1082.67
146.928,670.289
150.125,772.259
153.321,668.57
156.516,559.208
159.71,572.164
162.902,609.425
166.092,610.98
169.282,656.818
172.471,708.927
175.657,597.298
178.845,475.919
182.031,498.78
185.213,273.871
188.397,445.184
191.578,186.705
194.76,-13.5707
197.938,-111.656
201.116,66.4409
204.294,220.713
207.469,-64.8511
210.643,-46.2591
213.816,58.4809
216.988,-158.639
220.161,24.374
223.331,61.5093
226.5,218.761
229.668,82.1207
232.834,61.5819
235.998,15.1347
239.162,148.777
242.325,-7.50127
245.488,-153.706
248.649,-81.844
251.807,-17.6848
254.966,-287.542
258.124,-273.297
261.279,-184.913
264.435,-582.462
267.587,-359.872
270.741,-399.214
273.891,-28.4174
277.043,-135.552
280.191,-150.548
283.339,-7.44122
286.485,395.769
289.632,191.048
292.776,324.464
295.919,559.983
299.061,605.604
302.202,697.327
305.342,747.152
308.48,729.077
311.618,799.103
314.755,715.229
317.89,465.454
321.023,425.812
324.156,290.234
327.288,218.753
330.42,159.369
333.548,180.115
336.677,174.922
339.803,107.856
342.93,14.8498
346.054,-10.0306
349.179,55.1466
352.301,4.44785
355.422,-12.162
358.543,211.283
361.662,-107.152
364.779,50.4997
367.896,-69.7642
371.011,-97.9448
374.126,185.957
377.239,-84.0602
380.352,-67.9974
383.463,-97.8563
386.573,10.3622
389.682,144.656
392.79,243.025
395.897,285.466
399.001,352.013
402.106,338.596
405.21,495.248
408.311,520.001
411.413,730.786
414.512,521.668
417.611,952.581
420.708,709.587
423.803,676.653
426.9,443.743
429.994,340.924
433.086,494.158
436.177,-64.5534
439.268,224.786
442.357,8.17503
445.445,-130.387
448.533,17.0965
451.619,-191.375
454.704,50.1966
457.788,47.8098
460.871,-56.5373
463.953,113.154
467.032,-95.0874
470.112,252.674
473.191,196.468
476.267,158.325
479.344,264.179
482.418,220.092
485.493,406
488.565,181.963
491.635,509.948
494.707,475.921
497.776,365.944
500.843,473.984
503.91,594.04
506.975,672.108
510.04,626.187
513.104,622.276
516.166,772.372
519.227,330.474
522.288,700.581
525.347,470.689
528.406,516.798
531.461,756.938
534.517,889.043
537.573,1099.14
540.625,997.267
543.678,981.352
546.729,1029.46
549.78,1137.52
552.828,1311.6
555.877,853.634
558.923,1299.68
561.968,1149.71
565.013,1151.72
568.056,925.704
571.098,897.666
574.139,945.602
577.179,753.51
580.218,345.389
583.256,685.237
586.293,183.052
589.329,444.833
592.364,120.578
595.396,250.318
598.429,-102.014
601.461,153.614
604.49,-4.7686
607.52,32.7734
610.547,-31.6985
613.573,-64.2178
616.6,113.182
619.623,134.565
622.646,-8.10408
625.67,185.141
628.691,388.364
631.711,155.53
634.73,176.639
637.748,183.69
640.765,422.679
643.78,183.607
646.793,206.505
649.807,315.305
652.82,258.039
655.832,148.706
658.841,-100.663
661.851,191.865
664.857,-69.6452
667.865,-59.2609
670.87,-162.917
673.876,-142.682
676.879,-186.489
679.881,-486.374
682.882,-194.336
685.884,-400.412
688.882,-174.536
691.88,-354.74
694.877,-261.029
697.873,-469.402
700.868,-365.859
703.86,-284.368
706.853,-310.999
709.845,-123.717
712.836,-252.525
715.824,118.612
718.813,179.623
721.799,162.577
724.786,229.405
727.77,360.172
730.755,250.812
733.737,255.39
736.718,595.873
739.698,640.26
742.677,274.549
745.657,280.705
748.635,470.798
751.611,434.791
754.584,232.72
757.558,488.512
760.531,294.203
763.504,155.794
766.475,89.2814
769.443,238.701
772.412,255.983
775.379,265.196
778.346,102.27
781.31,419.276
784.276,90.1403
787.238,146.935
790.2,193.624
793.162,66.1721
796.122,48.6494
799.08,387.022
802.038,249.286
804.995,337.444
807.95,423.495
810.905,531.439
813.859,591.275
816.809,491.041
819.761,824.664
822.712,372.178
825.66,575.623
828.608,850.923
831.554,870.152
834.501,697.237
837.445,612.252
840.388,593.159
843.332,607.924
846.273,388.618
849.214,377.206
852.153,309.687
855.091,400.062
858.028,200.333
860.964,74.4966
863.9,234.556
866.834,264.509
869.767,232.36
872.698,248.143
875.629,329.786
878.558,263.362
881.487,324.799
884.414,464.171
887.342,807.405
890.266,256.575
893.19,945.645
896.115,510.577
899.037,929.448
901.958,1046.22
904.878,912.896
907.797,915.474
910.715,1005.96
913.632,940.342
916.548,908.635
919.461,1096.87
922.376,664.976
925.289,1014.99
928.199,744.951
931.111,436.782
934.019,630.564
936.929,432.219
939.835,193.825
942.741,219.345
945.646,98.7804
948.551,-47.9074
951.454,-246.639
954.356,-159.453
957.257,-266.348
960.157,-249.32
963.054,-454.333
965.952,-203.461
968.849,-326.667
971.746,-77.9456
974.639,16.7431
977.533,-182.681
980.425,-46.135
983.317,-77.6979
986.207,-27.2898
989.096,377.054
991.985,369.291
994.872,793.506
997.758,521.66
1000.64,723.753
1003.53,557.787
1006.41,989.764
1009.29,825.686
1012.17,1273.55
1015.05,1017.37
1017.93,1135.17
1020.81,1172.89
1023.68,1056.6
1026.56,782.219
1029.43,1097.84
1032.31,1027.38
1035.18,1026.91
1038.05,772.412
1040.92,772.834
1043.79,773.261
1046.66,778.656
1049.53,700.018
1052.39,821.353
1055.26,582.659
1058.12,483.981
1060.99,589.238
1063.85,518.474
1066.71,491.734
1069.57,630.933
1072.43,576.118
1075.29,853.33
1078.14,686.529
1081,1105.68
1083.85,928.864
1086.71,1082.05
1089.56,1279.22
1092.41,1026.4
1095.26,1107.58
1098.11,1370.76
1100.96,1199.94
1103.81,1295.14
1106.65,1176.35
1109.5,1375.61
1112.34,1196.84
1115.18,1720.13
1118.03,1343.4
1120.87,1344.74
1123.71,1346.05
1126.55,1359.44
1129.38,962.848
1132.22,1406.29
1135.06,753.768
1137.89,551.282
1140.73,1138.83
1143.56,738.423
1146.39,828.058
1149.22,755.74
1152.05,671.469
1154.88,473.289
1157.71,271.121
1160.53,157.047
1163.36,-181.006
1166.19,-32.9589
1169.01,399.15
1171.83,261.324
1174.65,-46.472
1177.47,271.84
1180.29,256.225
1183.11,420.687
1185.93,381.228
1188.74,331.888
1191.56,392.591
1194.37,425.382
1197.19,934.26
1200,609.267
1202.81,570.331
1205.62,749.531
1208.43,734.827
1211.24,750.187
1214.05,959.691
1216.85,785.299
1219.66,983.02
1222.46,820.85
1225.26,962.796
1228.07,516.858
1230.87,867.042
1233.67,577.385
1236.47,725.815
1239.26,550.372
1242.06,635.102
1244.86,415.923
1247.65,20.9175
1250.44,494.052
1253.24,167.289
1256.03,266.709
1258.82,22.2743
1261.61,-54.012
1264.4,129.853
1267.19,-108.127
1269.97,38.0504
1272.76,24.3864
1275.54,-237.077
1278.33,-188.416
1281.11,44.4541
1283.89,319.454
1286.67,366.666
1289.45,332.013
1292.23,281.576
1295.01,195.321
1297.78,359.247
1300.56,889.36
1303.33,571.661
1306.11,848.154
1308.88,710.838
1311.65,783.72
1314.42,968.8
1317.19,1004.12
1319.96,847.599
1322.73,765.291
1325.49,1127.22
1328.26,871.369
1331.03,843.694
1333.79,960.271
1336.55,1101.06
1339.31,896.079
1342.07,557.318
1344.83,680.782
1347.59,758.475
1350.35,372.398
1353.1,114.59
1355.86,378.984
1358.61,451.613
1361.37,78.5173
1364.12,223.632
1366.87,-12.9769
1369.62,-163.336
1372.37,-279.448
1375.12,-105.338
1377.87,-142.945
1380.61,-170.293
1383.36,-27.3823
1386.1,-80.18
1388.85,265.254
1391.59,-199.047
1394.33,8.95251
1397.07,421.188
1399.81,257.696
1402.55,0.50957
1405.28,211.597
1408.02,368.934
1410.76,492.58
1413.49,428.507
1416.22,574.719
1418.96,949.217
1421.69,776.002
1424.42,647.078
1427.15,676.473
1429.88,1042.13
1432.6,1018.09
1435.33,1022.37
1438.05,780.949
1440.78,993.801
1443.5,838.984
1446.22,714.47
1448.95,1038.23
1451.67,952.334
1454.39,666.743
1457.1,573.488
1459.82,528.52
1462.54,181.865
1465.26,147.525
1467.97,255.528
1470.68,171.823
1473.39,360.463
1476.11,213.399
1478.82,-143.317
1481.53,-219.71
1484.24,-121.805
1486.94,-115.547
1489.65,31.0368
1492.36,-512.049
1495.06,-376.784
1497.76,-601.21
1500.47,-193.305
1503.17,-251.068
1505.87,-138.474
1508.57,-177.567
1511.27,-34.3029
1513.96,-142.702
1516.66,-38.7651
1519.36,223.49
1522.05,248.104
1524.75,187.06
1527.44,458.354
1530.13,471.99
1532.82,445.987
1535.51,434.307
1538.2,494.968
1540.89,257.993
1543.58,899.341
1546.26,821.053
1548.95,1085.11
1551.63,853.49
1554.31,576.235
1557,877.324
1559.68,688.76
1562.36,840.54
1565.04,714.665
1567.71,535.153
1570.39,525.968
1573.07,405.13
1575.74,4.65264
1578.42,174.504
1581.09,298.716
1583.76,-216.728
1586.43,540.171
1589.11,-28.5996
1591.77,230.987
1594.44,18.9163
1597.11,-186.797
1599.78,165.816
1602.44,-23.2293
1605.11,66.0645
1607.77,-190.287
1610.43,45.6857
1613.09,-183.99
1615.75,208.67
1618.42,217.655
1621.07,318.986
1623.73,56.6517
1626.39,170.649
1629.04,352.978
1631.7,267.638
1634.35,304.639
1637.01,483.954
1639.66,439.596
1642.31,803.574
1644.96,703.865
1647.61,898.486
1650.26,873.427
1652.9,688.687
1655.55,836.252
1658.2,898.142
1660.84,1346.34
1663.48,1022.87
1666.12,983.686
1668.77,446.813
1671.41,950.244
1674.05,951.985
1676.68,942.017
1679.32,638.354
1681.96,788.985
1684.59,657.908
1687.23,491.114
1689.86,802.613
1692.5,474.397
1695.13,314.468
1697.76,68.8108
1700.39,207.429
1703.02,198.32
1705.64,267.486
1708.27,-21.0879
1710.9,176.607
1713.52,224.562
1716.15,84.767
1718.77,191.23
1721.39,35.9427
1724.01,84.9009
1726.63,-153.899
1729.25,-42.456
1731.87,-240.784
1734.49,-116.88
1737.1,-48.7464
1739.72,-152.394
1742.34,2.18039
1744.95,52.969
1747.56,-74.0361
1750.17,105.168
1752.78,334.572
1755.39,-81.8265
1758,341.967
1760.61,245.949
1763.22,636.112
1765.82,450.452
1768.43,362.967
1771.03,431.648
1773.64,666.493
1776.24,471.495
1778.84,820.649
1781.44,493.95
1784.04,43.3904
1786.64,498.97
1789.24,400.678
1791.83,234.51
1794.43,186.461
1797.02,66.5254
1799.62,146.696
1802.21,214.968
1804.8,395.333
1807.39,65.7883
1809.98,-1.67484
1812.57,56.9376
1815.16,43.619
1817.75,238.363
1820.33,119.163
1822.92,62.0123
1825.5,-169.097
1828.09,-388.171
1830.67,-321.216
1833.25,-182.24
1835.83,-227.251
1838.41,-216.255
1840.99,86.7398
1843.57,23.7261
1846.14,-337.304
1848.72,-90.3577
1851.29,90.5566
1853.87,-82.5679
1856.44,-101.741
1859.01,-104.969
1861.58,219.738
1864.15,584.374
1866.72,210.929
1869.29,323.394
1871.86,547.762
1874.43,212.023
1876.99,254.169
1879.56,298.19
1882.12,436.078
1884.68,529.826
1887.25,365.419
1889.81,98.8536
1892.37,562.116
1894.93,733.199
1897.48,450.094
1900.04,622.789
1902.6,341.274
1905.15,335.541
1907.71,249.578
1910.26,237.378
1912.81,304.926
1915.36,382.213
1917.91,105.233
1920.46,113.972
1923.01,-39.5851
1925.56,328.559
1928.11,154.389
1930.65,25.8944
1933.2,-306.936
1935.74,-106.115
1938.29,92.3541
1940.83,-333.553
1943.37,162.158
1945.91,-158.519
1948.45,-217.6
1950.99,-91.1064
1953.53,-85.035
1956.06,-217.405
1958.6,23.7709
1961.14,-169.519
1963.67,10.7113
1966.2,10.4591
1968.74,-162.306
1971.27,-129.58
1973.8,130.607
1976.33,106.261
1978.85,53.358
1981.38,247.875
1983.91,119.818
1986.44,71.1658
1988.96,179.901
1991.48,176.025
1994.01,-188.502
1996.53,-41.682
1999.05,214.485
