Wavelength (nm),Abs
1100,0.2248
1099,0.2252
1098,0.2257
1097,0.2261
1096,0.2265
1095,0.227
1094,0.2274
1093,0.2278
1092,0.2283
1091,0.2287
1090,0.2291
1089,0.2295
1088,0.2299
1087,0.2304
1086,0.2308
1085,0.2312
1084,0.2317
1083,0.2322
1082,0.2326
1081,0.2329
1080,0.2333
1079,0.2336
1078,0.2339
1077,0.2341
1076,0.2344
1075,0.2347
1074,0.235
1073,0.2352
1072,0.2354
1071,0.2355
1070,0.2356
1069,0.2357
1068,0.2358
1067,0.2359
1066,0.2361
1065,0.2364
1064,0.2367
1063,0.2371
1062,0.2375
1061,0.2379
1060,0.2384
1059,0.2387
1058,0.2392
1057,0.2396
1056,0.2401
1055,0.2407
1054,0.2413
1053,0.2418
1052,0.2423
1051,0.2428
1050,0.2432
1049,0.2436
1048,0.2441
1047,0.2446
1046,0.2452
1045,0.2457
1044,0.2462
1043,0.2468
1042,0.2476
1041,0.2484
1040,0.2492
1039,0.2501
1038,0.251
1037,0.2519
1036,0.2527
1035,0.2536
1034,0.2545
1033,0.2553
1032,0.2561
1031,0.2568
1030,0.2574
1029,0.2578
1028,0.2581
1027,0.2584
1026,0.2585
1025,0.2586
1024,0.2588
1023,0.2588
1022,0.2588
1021,0.2587
1020,0.2587
1019,0.2588
1018,0.2589
1017,0.2591
1016,0.2593
1015,0.2597
1014,0.2601
1013,0.2605
1012,0.2609
1011,0.2613
1010,0.2618
1009,0.2622
1008,0.2626
1007,0.263
1006,0.2634
1005,0.2638
1004,0.2641
1003,0.2645
1002,0.2648
1001,0.2652
1000,0.2655
999,0.2659
998,0.2662
997,0.2666
996,0.2669
995,0.2672
994,0.2676
993,0.2679
992,0.2683
991,0.2686
990,0.269
989,0.2693
988,0.2697
987,0.27
986,0.2704
985,0.2707
984,0.2711
983,0.2715
982,0.2718
981,0.2722
980,0.2725
979,0.2729
978,0.2732
977,0.2736
976,0.2739
975,0.2743
974,0.2746
973,0.275
972,0.2754
971,0.2757
970,0.2761
969,0.2765
968,0.2768
967,0.2772
966,0.2776
965,0.278
964,0.2783
963,0.2787
962,0.279
961,0.2794
960,0.2797
959,0.2801
958,0.2804
957,0.2808
956,0.2811
955,0.2814
954,0.2818
953,0.2821
952,0.2825
951,0.2829
950,0.2832
949,0.2836
948,0.284
947,0.2843
946,0.2847
945,0.2851
944,0.2854
943,0.2858
942,0.2862
941,0.2865
940,0.2869
939,0.2872
938,0.2876
937,0.288
936,0.2883
935,0.2887
934,0.289
933,0.2894
932,0.2897
931,0.2901
930,0.2905
929,0.2908
928,0.2912
927,0.2915
926,0.2919
925,0.2923
924,0.2927
923,0.2931
922,0.2934
921,0.2938
920,0.2942
919,0.2945
918,0.2949
917,0.2953
916,0.2956
915,0.296
914,0.2964
913,0.2967
912,0.2971
911,0.2975
910,0.2978
909,0.2982
908,0.2985
907,0.2989
906,0.2993
905,0.2996
904,0.3
903,0.3004
902,0.3008
901,0.3011
900,0.3015
899,0.3018
898,0.3022
897,0.3026
896,0.303
895,0.3033
894,0.3037
893,0.3041
892,0.3044
891,0.3048
890,0.3052
889,0.3056
888,0.3059
887,0.3063
886,0.3067
885,0.307
884,0.3074
883,0.3078
882,0.3081
881,0.3085
880,0.3089
879,0.3092
878,0.3096
877,0.3099
876,0.3103
875,0.3106
874,0.311
873,0.3114
872,0.3118
871,0.3122
870,0.3125
869,0.3129
868,0.3133
867,0.3137
866,0.3141
865,0.3144
864,0.3148
863,0.3152
862,0.3156
861,0.316
860,0.3164
859,0.3168
858,0.3171
857,0.3175
856,0.3179
855,0.3183
854,0.3187
853,0.3191
852,0.3195
851,0.32
850,0.3204
849,0.3208
848,0.3212
847,0.3216
846,0.322
845,0.3224
844,0.3228
843,0.3232
842,0.3236
841,0.3241
840,0.3245
839,0.3249
838,0.3254
837,0.3258
836,0.3263
835,0.3267
834,0.3272
833,0.3277
832,0.3281
831,0.3286
830,0.329
829,0.3295
828,0.3299
827,0.3304
826,0.3308
825,0.3313
824,0.3318
823,0.3322
822,0.3327
821,0.3332
820,0.3336
819,0.3341
818,0.3346
817,0.3351
816,0.3357
815,0.3362
814,0.3368
813,0.3374
812,0.338
811,0.3385
810,0.3391
809,0.3397
808,0.3402
807,0.3408
806,0.3413
805,0.3418
804,0.3424
803,0.3429
802,0.3435
801,0.344
800,0.3445
799,0.3451
798,0.3456
797,0.3462
796,0.3468
795,0.3474
794,0.348
793,0.3487
792,0.3493
791,0.3499
790,0.3506
789,0.3513
788,0.3519
787,0.3526
786,0.3532
785,0.3539
784,0.3546
783,0.3553
782,0.356
781,0.3566
780,0.3573
779,0.358
778,0.3587
777,0.3594
776,0.3601
775,0.3609
774,0.3617
773,0.3625
772,0.3634
771,0.3643
770,0.3651
769,0.3657
768,0.3664
767,0.367
766,0.3676
765,0.368
764,0.3685
763,0.3689
762,0.3693
761,0.3696
760,0.3699
759,0.3702
758,0.3706
757,0.371
756,0.3715
755,0.3721
754,0.3727
753,0.3734
752,0.3742
751,0.375
750,0.3759
749,0.3768
748,0.3778
747,0.3786
746,0.3793
745,0.38
744,0.3808
743,0.3815
742,0.3822
741,0.3828
740,0.3834
739,0.384
738,0.3845
737,0.3851
736,0.3857
735,0.3863
734,0.3871
733,0.3878
732,0.3886
731,0.3894
730,0.3902
729,0.391
728,0.3918
727,0.3925
726,0.3933
725,0.3941
724,0.3949
723,0.3957
722,0.3965
721,0.3973
720,0.3981
719,0.3989
718,0.3997
717,0.4004
716,0.4012
715,0.402
714,0.4028
713,0.4036
712,0.4044
711,0.4052
710,0.406
709,0.4069
708,0.4077
707,0.4085
706,0.4093
705,0.4101
704,0.411
703,0.4118
702,0.4127
701,0.4136
700,0.4144
699,0.4153
698,0.4162
697,0.4172
696,0.4181
695,0.419
694,0.4199
693,0.4209
692,0.4218
691,0.4228
690,0.4237
689,0.4246
688,0.4255
687,0.4265
686,0.4274
685,0.4283
684,0.4292
683,0.4302
682,0.4311
681,0.432
680,0.4329
679,0.4339
678,0.4348
677,0.4357
676,0.4367
675,0.4377
674,0.4386
673,0.4396
672,0.4407
671,0.4417
670,0.4427
669,0.4437
668,0.4448
667,0.4458
666,0.4469
665,0.4479
664,0.4489
663,0.4499
662,0.4509
661,0.4519
660,0.4529
659,0.454
658,0.455
657,0.456
656,0.4571
655,0.4581
654,0.4592
653,0.4603
652,0.4614
651,0.4625
650,0.4636
649,0.4647
648,0.4658
647,0.467
646,0.4681
645,0.4692
644,0.4704
643,0.4715
642,0.4726
641,0.4737
640,0.4748
639,0.476
638,0.4771
637,0.4783
636,0.4795
635,0.4807
634,0.4819
633,0.4831
632,0.4843
631,0.4856
630,0.4868
629,0.488
628,0.4893
627,0.4905
626,0.4918
625,0.493
624,0.4943
623,0.4955
622,0.4968
621,0.498
620,0.4993
619,0.5005
618,0.5017
617,0.503
616,0.5043
615,0.5056
614,0.5069
613,0.5083
612,0.5097
611,0.511
610,0.5124
609,0.5137
608,0.515
607,0.5163
606,0.5176
605,0.5188
604,0.5201
603,0.5213
602,0.5225
601,0.5237
600,0.525
599,0.5262
598,0.5274
597,0.5287
596,0.53
595,0.5313
594,0.5326
593,0.5341
592,0.5356
591,0.537
590,0.5383
589,0.54
588,0.5417
587,0.5433
586,0.545
585,0.5466
584,0.5483
583,0.5499
582,0.5516
581,0.5533
580,0.5549
579,0.5566
578,0.5584
577,0.5601
576,0.5619
575,0.5636
574,0.5654
573,0.5671
572,0.5689
571,0.5707
570,0.5724
569,0.5742
568,0.5759
567,0.5776
566,0.5794
565,0.5813
564,0.5831
563,0.5847
562,0.5863
561,0.588
560,0.5897
559,0.5913
558,0.593
557,0.5947
556,0.5964
555,0.5981
554,0.5998
553,0.6015
552,0.6031
551,0.6048
550,0.6066
549,0.6084
548,0.6102
547,0.612
546,0.6138
545,0.6158
544,0.6178
543,0.6197
542,0.6215
541,0.6234
540,0.6253
539,0.6273
538,0.6294
537,0.6314
536,0.6334
535,0.6355
534,0.6376
533,0.6398
532,0.6419
531,0.644
530,0.6462
529,0.6485
528,0.6507
527,0.653
526,0.6553
525,0.6576
524,0.6599
523,0.6623
522,0.6646
521,0.6669
520,0.6692
519,0.6715
518,0.6738
517,0.6761
516,0.6784
515,0.6807
514,0.6831
513,0.6854
512,0.6878
511,0.6902
510,0.6926
509,0.695
508,0.6973
507,0.6998
506,0.7023
505,0.7048
504,0.7073
503,0.7098
502,0.7122
501,0.7147
500,0.7172
499,0.7198
498,0.7223
497,0.7248
496,0.7274
495,0.73
494,0.7327
493,0.7353
492,0.738
491,0.7406
490,0.7433
489,0.746
488,0.7487
487,0.7514
486,0.7541
485,0.7568
484,0.7596
483,0.7624
482,0.7652
481,0.768
480,0.7708
479,0.7736
478,0.7764
477,0.7793
476,0.7823
475,0.7853
474,0.7883
473,0.7914
472,0.7946
471,0.7977
470,0.8009
469,0.8039
468,0.8071
467,0.8102
466,0.8134
465,0.8166
464,0.8198
463,0.823
462,0.8262
461,0.8294
460,0.8326
459,0.8359
458,0.8392
457,0.8425
456,0.8459
455,0.8494
454,0.8529
453,0.8565
452,0.8601
451,0.8637
450,0.8674
449,0.8711
448,0.8749
447,0.8787
446,0.8824
445,0.8861
444,0.8899
443,0.8937
442,0.8975
441,0.9013
440,0.9052
439,0.9091
438,0.9131
437,0.9172
436,0.9214
435,0.9256
434,0.9299
433,0.9342
432,0.9386
431,0.943
430,0.9476
429,0.9521
428,0.9565
427,0.9609
426,0.9655
425,0.9701
424,0.9748
423,0.9794
422,0.984
421,0.9886
420,0.9934
419,0.9982
418,1.0031
417,1.0082
416,1.0135
415,1.0189
414,1.0244
413,1.03
412,1.0357
411,1.0415
410,1.0474
409,1.0534
408,1.0595
407,1.0658
406,1.0721
405,1.0785
404,1.0851
403,1.0919
402,1.0988
401,1.106
400,1.1134
399,1.1212
398,1.1293
397,1.1377
396,1.1464
395,1.155
394,1.1634
393,1.1718
392,1.1806
391,1.1909
390,1.2043
389,1.2224
388,1.2471
387,1.2802
386,1.323
385,1.3762
384,1.4401
383,1.5145
382,1.5978
381,1.6893
380,1.7875
379,1.8903
378,1.9954
377,2.104
376,2.2091
375,2.3086
374,2.4002
373,2.482
372,2.5513
371,2.6197
370,2.6575
369,2.6777
368,2.6777
367,2.6777
366,2.6777
365,2.6777
364,2.6575
363,2.6575
362,2.6575
361,2.6575
360,2.6575
359,2.6777
358,2.6777
357,2.6777
356,2.6382
355,2.6197
354,2.6575
353,2.6777
352,2.6575
351,2.6575
350,2.6382
349,2.6197
348,2.602
347,2.585
346,2.5686
345,2.5528
344,2.5376
343,2.5228
342,2.5086
341,2.5228
340,2.6382
339,2.6538
338,2.7586
337,2.7586
336,2.7586
335,2.7586
334,2.7586
333,2.7208
332,2.686
331,2.7586
330,2.8
329,2.8
328,2.8
327,2.8
326,2.7586
325,2.7208
324,2.7586
323,2.8457
322,2.8457
321,2.8457
320,2.8457
319,2.8457
318,2.8457
317,2.8457
316,2.8457
315,2.8457
314,2.8
313,2.8
312,2.8457
311,2.8969
310,2.8969
309,2.8969
308,2.8969
307,2.8969
306,2.8969
305,2.8969
304,2.8457
303,2.8
302,2.8457
301,2.8
300,2.7586
