101.016,35.5073
104.229,15.7857
107.442,14.09
110.653,34.422
113.862,26.7803
117.073,5.16338
120.28,23.5731
123.486,12.0081
126.691,14.4679
129.897,4.95124
133.1,7.45976
136.302,19.9921
139.503,12.548
142.702,1.12697
145.9,13.7288
149.098,20.3532
152.294,24.9998
155.489,5.66823
158.683,18.3582
161.874,11.0704
165.066,3.80255
168.257,4.55538
171.446,7.32854
174.633,12.1225
177.82,32.9355
181.005,11.7686
184.19,18.6201
187.372,1.49125
190.555,20.3802
193.735,7.28818
196.916,16.2135
200.094,27.1572
203.271,20.1183
206.448,1.09602
209.623,4.0913
212.796,7.10324
215.969,10.1316
219.14,11.176
222.31,6.23636
225.479,-0.68768
228.647,10.4037
231.814,13.5101
234.98,-5.36853
238.145,7.76746
241.308,16.9178
244.471,12.0824
247.632,-0.73913
250.791,2.45357
253.95,-6.34079
257.108,4.87808
260.264,-3.88952
263.42,-2.64485
266.573,-7.38711
269.727,-12.1175
272.878,3.16471
276.027,-3.54116
279.178,-10.2358
282.326,1.08157
285.472,-9.58979
288.62,13.7495
291.764,1.10014
294.908,6.46147
298.05,9.83329
301.191,13.2154
304.331,22.6077
307.47,22.0098
310.608,19.4217
313.745,0.84321
316.881,6.27405
320.014,3.71445
323.148,17.1635
326.28,6.62137
329.412,2.08792
332.541,-6.4367
335.67,3.04666
338.797,-5.46148
341.924,18.038
345.048,-0.45432
348.173,-8.93933
351.296,8.58349
354.417,-1.88635
357.539,-16.3493
360.658,25.1951
363.776,-7.25367
366.893,8.30432
370.008,3.8689
373.123,11.4399
376.237,15.0172
379.349,-1.3993
382.461,0.19018
385.572,3.78554
388.681,-0.61337
391.79,10.9933
394.897,-1.3945
398.001,10.2233
401.107,-0.15403
404.211,11.4738
407.312,15.1068
410.414,8.74436
413.513,8.38689
416.613,10.0338
419.71,3.68535
422.808,5.34106
425.903,11.0012
428.997,-5.33449
432.09,-5.6662
435.183,-1.99424
438.274,17.6817
441.364,-6.63863
444.452,-0.95541
447.54,6.73127
450.627,2.42132
453.712,18.1146
456.797,13.8111
459.878,15.5108
462.96,7.21331
466.042,-1.08133
469.12,14.627
472.199,-5.66218
475.278,4.05123
478.353,-6.23268
481.429,5.48564
484.502,-8.79353
487.576,16.9293
490.647,2.65456
493.717,2.38185
496.786,0.11112
499.856,9.84211
502.923,11.5751
505.989,-0.69013
509.054,27.0463
512.118,-15.2157
515.181,6.52386
518.242,24.2649
521.303,8.00723
524.363,-0.24909
527.42,-6.504
530.477,7.2421
533.534,6.98929
536.588,4.73769
539.642,10.4869
542.696,0.23702
545.746,-16.0118
548.798,-10.2601
551.847,13.4926
554.894,-10.7541
557.943,-7.00036
560.988,34.7541
564.032,-1.49089
567.076,24.2645
570.118,12.0204
573.16,-4.22349
576.2,5.53296
579.24,9.28964
582.278,13.0465
585.315,10.8035
588.352,12.5606
591.387,6.3178
594.419,2.07512
597.452,-6.16777
600.485,17.5893
603.514,9.34634
606.544,1.10307
609.571,2.85976
612.598,10.6162
615.625,12.3722
618.649,0.12803
621.672,-6.11651
624.697,-12.3616
627.718,5.39304
630.738,3.14722
633.757,-3.09911
636.775,12.654
639.793,2.40661
642.809,20.1586
645.824,15.91
648.836,5.66083
651.849,-4.58914
654.862,21.1602
657.871,10.9089
660.881,-5.34326
663.89,14.4038
666.896,-3.84984
669.901,19.8957
672.908,-6.35976
675.911,7.38405
678.913,9.12697
681.916,14.8688
684.916,2.60983
687.916,8.34992
690.914,-1.91098
693.911,5.82713
696.907,9.56422
699.903,-12.6997
702.897,-8.96471
705.89,-7.23077
708.88,22.5023
711.872,28.234
714.862,15.9647
717.849,-2.30556
720.838,11.4229
723.823,21.1503
726.809,2.87643
729.793,12.6016
732.775,12.3255
735.758,20.0481
738.739,23.7697
741.718,17.4901
744.697,11.2093
747.674,18.9272
750.651,-7.35602
753.626,28.3595
756.601,24.0738
759.574,23.7868
762.547,15.4986
765.516,1.20939
768.487,4.91869
771.456,24.6267
774.423,2.33374
777.391,4.03929
780.356,5.74377
783.321,23.4468
786.284,15.1488
789.246,-7.15053
792.209,28.5487
795.168,0.2469
798.127,5.94383
801.085,5.6395
804.042,11.3339
806.998,17.0271
809.953,14.719
812.907,36.4097
815.858,42.0993
818.81,19.7875
821.761,-0.5255
824.709,-2.83955
827.659,30.845
830.607,32.5283
833.552,-7.78945
836.496,5.89165
839.442,7.57133
842.384,-4.74997
845.325,14.9276
848.266,-11.3961
851.207,2.27885
854.146,-4.04713
857.083,-18.3743
860.02,21.2974
862.953,8.96826
865.888,-1.36228
868.822,-3.69393
871.755,23.9733
874.684,-4.36031
877.615,11.3048
880.543,10.969
883.472,6.63191
886.398,12.294
889.325,-6.04513
892.249,21.6149
895.172,7.27395
898.094,14.932
901.018,26.5888
903.938,12.2449
906.857,15.9
909.775,9.55415
912.693,7.20738
915.607,28.8599
918.523,48.5113
921.437,10.1618
924.351,17.8114
927.262,17.4604
930.173,19.1084
933.082,-9.24432
935.992,6.40194
938.899,10.0476
941.805,-8.30746
944.71,-2.66332
947.616,-13.0202
950.519,6.62246
953.421,-7.73562
956.323,-8.09441
959.223,13.5461
962.122,11.186
965.019,-1.17462
967.916,-13.5361
970.813,0.10186
973.708,-0.26082
976.601,-10.6238
979.495,-4.98768
982.385,2.64817
985.277,20.2832
988.166,15.918
991.054,17.5523
993.941,3.18616
996.828,0.81952
999.715,0.45218
1002.6,16.0847
1005.48,-12.2833
1008.36,27.3487
1011.24,6.97999
1014.12,0.61095
1017,16.2416
1019.88,5.87214
1022.76,17.5022
1025.64,3.13191
1028.51,18.7616
1031.38,6.39088
1034.26,0.02015
1037.13,13.6492
1040,17.2781
1042.87,6.90659
1045.74,-3.46481
1048.61,24.1636
1051.47,1.79202
1054.34,31.4203
1057.2,29.0488
1060.06,8.67693
1062.93,16.3051
1065.79,-8.06678
1068.65,1.56161
1071.51,5.18981
1074.37,0.81829
1077.22,22.4466
1080.08,8.07527
1082.93,33.704
1085.79,9.33294
1088.64,26.962
1091.49,-11.409
1094.34,14.2204
1097.19,19.85
1100.04,-6.5199
1102.89,-6.88979
1105.74,-3.2594
1108.58,8.37125
1111.43,8.00247
1114.27,-10.3662
1117.11,31.2657
1119.95,26.8977
1122.79,38.5304
1125.63,26.1632
1128.47,5.79667
1131.31,-4.5694
1134.15,29.065
1136.98,22.6999
1139.81,14.3353
1142.65,-8.02879
1145.48,7.60766
1148.31,11.2447
1151.14,38.8825
1153.97,10.5207
1156.8,2.15955
1159.63,11.7992
1162.45,15.4394
1165.28,-0.9196
1168.1,-11.2779
1170.92,-7.63567
1173.75,-11.9925
1176.57,27.6514
1179.39,15.2961
1182.2,-1.05839
1185.02,22.5879
1187.84,10.235
1190.65,-4.11679
1193.47,19.532
1196.28,11.1817
1199.09,16.8326
1201.91,26.4841
1204.72,2.13676
1207.53,1.79016
1210.34,27.4448
1213.14,31.1003
1215.95,6.75694
1218.76,18.4143
1221.56,0.07297
1224.36,17.7327
1227.17,3.39347
1229.97,9.05556
1232.77,22.7185
1235.57,2.38264
1238.36,-1.95188
1241.16,9.71452
1243.96,13.3821
1246.75,-14.9489
1249.55,2.72129
1252.34,-19.6075
1255.13,-11.9348
1257.92,9.73906
1260.71,17.4143
1263.5,17.0907
1266.29,6.7685
1269.08,-3.5524
1271.86,12.128
1274.65,21.81
1277.43,-8.50682
1280.22,3.17769
1283,-9.13618
1285.78,16.5511
1288.56,-5.75988
1291.34,5.93052
1294.12,23.6222
1296.89,19.3155
1299.67,5.0103
1302.44,4.7066
1305.22,-13.5956
1307.99,28.1037
1310.76,13.8046
1313.53,3.50725
1316.3,15.2112
1319.07,0.9168
1321.84,8.62417
1324.61,22.3329
1327.37,4.04351
1330.14,29.7557
1332.9,13.4694
1335.66,-18.8151
1338.42,16.9021
1341.18,16.6209
1343.94,0.34146
1346.7,26.0637
1349.46,13.7877
1352.22,3.51357
1354.97,33.241
1357.73,-23.0298
1360.48,12.7013
1363.24,4.43404
1365.99,14.1687
1368.74,3.90522
1371.49,7.64333
1374.24,1.38343
1376.98,17.1254
1379.73,-15.1309
1382.48,6.61474
1385.22,8.36222
1387.96,-11.8884
1390.71,1.86295
1393.45,1.61606
1396.19,15.3711
1398.93,17.1281
1401.67,28.8869
1404.41,4.64785
1407.14,-17.5893
1409.88,6.17547
1412.61,11.9421
1415.35,-0.28927
1418.08,3.48139
1420.81,11.254
1423.54,25.0288
1426.27,0.80537
1429,30.584
1431.73,8.36456
1434.45,22.1473
1437.18,9.93196
1439.9,23.7188
1442.63,17.5076
1445.35,17.2983
1448.07,3.09125
1450.79,-3.11377
1453.51,8.68326
1456.23,50.4824
1458.95,-15.7165
1461.67,18.0868
1464.38,21.8922
1467.1,1.69964
1469.81,-0.49085
1472.52,19.3209
1475.24,13.1347
1477.95,24.9505
1480.66,-21.2314
1483.37,-13.4112
1486.07,2.41106
1488.78,-11.7645
1491.49,16.062
1494.19,11.8907
1496.9,-2.27846
1499.6,7.5545
1502.3,1.38961
1505,15.227
1507.7,7.06639
1510.4,-7.09193
1513.1,18.7519
1515.8,2.59778
1518.49,6.44593
1521.19,-5.70375
1523.88,-5.85127
1526.57,0.00338
1529.27,-2.13979
1531.96,21.7192
1534.65,17.5805
1537.34,9.44382
1540.03,5.30935
1542.71,23.1771
1545.4,15.047
1548.09,14.9192
1550.77,12.7935
1553.45,16.6701
1556.14,22.5487
1558.82,8.42956
1561.5,-15.6874
1564.18,-5.80204
1566.85,18.0854
1569.53,17.975
1572.21,-4.13318
1574.88,1.76088
1577.56,-2.34295
1580.23,13.5555
1582.91,1.45606
1585.58,15.3588
1588.25,23.2637
1590.92,17.1708
1593.59,9.08015
1596.26,-5.00837
1598.92,-1.09473
1601.59,4.82114
1604.25,-9.26088
1606.92,26.6593
1609.58,24.5816
1612.24,-7.49391
1614.9,20.4328
1617.56,8.3616
1620.22,10.2925
1622.88,-1.77434
1625.54,2.16093
1628.19,-7.90166
1630.85,6.03789
1633.5,25.9796
1636.16,13.9234
1638.81,-0.13063
1641.46,17.8175
1644.11,-2.23235
1646.76,13.72
1649.41,-4.32559
1652.06,35.6309
1654.7,19.5896
1657.35,9.5503
1659.99,33.5131
1662.64,3.47804
1665.28,-4.55497
1667.92,1.41412
1670.56,19.3853
1673.2,5.35845
1675.84,21.3337
1678.48,25.311
1681.11,9.2904
1683.75,1.27181
1686.38,25.2553
1689.02,35.2407
1691.65,25.2282
1694.28,9.21771
1696.91,19.2092
1699.55,-8.79727
1702.18,21.1982
1704.8,3.19573
1707.43,7.1952
1710.06,-0.80336
1712.68,-4.79995
1715.31,17.2054
1717.93,5.21273
1720.55,3.22198
1723.17,3.23317
1725.79,11.2463
1728.41,-6.73869
1731.03,15.2782
1733.65,13.2971
1736.27,15.3178
1738.88,1.34041
1741.5,9.3649
1744.11,-4.60876
1746.72,11.4194
1749.34,15.4495
1751.95,-8.5186
1754.56,5.51511
1757.17,7.55063
1759.78,-38.412
1762.38,13.6271
1764.99,-6.33193
1767.6,9.71077
1770.2,5.75527
1772.8,9.80151
1775.41,-10.1505
1778.01,-2.10074
1780.61,17.9507
1783.21,0.0039
1785.81,22.0588
1788.41,-1.88461
1791,4.17368
1793.6,-1.76639
1796.19,6.29525
1798.79,4.35851
1801.38,8.42345
1803.97,22.49
1806.56,14.5582
1809.15,-9.37201
1811.74,0.69937
1814.33,2.77235
1816.92,-7.1531
1819.51,-9.07697
1822.09,3.00066
1824.68,15.0799
1827.26,-2.83935
1829.84,-16.7571
1832.43,3.32668
1835.01,1.41192
1837.58,-0.50136
1840.16,13.5868
1842.74,-6.3235
1845.32,-8.23238
1847.9,17.8602
1850.47,-2.04586
1853.05,-3.95048
1855.62,-11.8538
1858.19,-7.75558
1860.76,0.3439
1863.33,10.4448
1865.9,-17.453
1868.47,0.65054
1871.04,14.7554
1873.61,10.8615
1876.17,-1.031
1878.74,-16.9223
1881.3,-2.81224
1883.87,13.299
1886.43,25.4115
1888.99,15.5252
1891.55,15.6401
1894.11,-14.2438
1896.67,-8.12645
1899.22,23.992
1901.78,6.11163
1904.34,6.2324
1906.89,-1.64578
1909.44,6.47725
1912,16.6014
1914.55,-1.27348
1917.1,22.8528
1919.65,10.9801
1922.2,-10.8914
1924.75,-6.76206
1927.3,13.3683
1929.84,-14.5002
1932.39,-2.36783
1934.93,-12.2344
1937.48,5.89992
1940.02,18.0351
1942.56,2.17139
1945.1,30.3085
1947.64,14.4466
1950.18,24.5854
1952.72,-3.27479
1955.25,-7.13415
1957.79,-10.9926
1960.33,21.1497
1962.86,7.29281
1965.39,9.43676
1967.93,1.58151
1970.46,15.7269
1972.99,21.8732
1975.52,6.02018
1978.05,10.168
1980.58,10.3164
1983.1,-3.53454
1985.63,6.61526
1988.16,18.7657
1990.68,0.91686
1993.2,3.06853
1995.72,-4.77906
1998.25,15.374
