152.78,248.924
155.975,198.328
159.167,179.877
162.36,176.644
165.551,178.165
168.742,107.217
171.929,137.27
175.118,170.557
178.305,119.391
181.489,200.23
184.674,150.205
187.856,158.384
191.039,135.368
194.219,131.184
197.4,148.873
200.577,199.089
203.754,195.855
206.931,149.444
210.106,140.694
213.279,130.042
216.451,145.069
219.622,146.02
222.792,191.48
225.961,195.665
229.129,192.812
232.296,287.536
235.461,310.171
238.626,356.582
241.79,394.434
244.952,341.175
248.113,339.273
251.272,308.269
254.431,294.194
257.589,264.521
260.744,241.696
263.9,189.768
267.053,249.114
270.207,201.942
273.357,182.35
276.507,171.128
279.658,189.198
282.805,195.094
285.951,216.207
289.099,204.985
292.243,159.144
295.386,164.851
298.528,184.252
301.669,126.428
304.809,106.456
307.948,72.599
311.086,71.267
314.223,54.529
317.359,39.502
320.491,19.34
323.625,29.992
326.757,52.627
329.889,13.634
333.017,15.726
336.147,9.069
339.273,-29.924
342.4,-9.001
345.524,-25.74
348.649,-44.19
351.771,9.259
354.892,-2.344
358.014,37.6
361.133,15.726
364.251,10.971
367.367,42.355
370.483,11.922
373.6,21.052
376.713,2.792
379.826,32.465
382.937,135.939
386.045,203.463
389.155,169.796
392.263,247.592
395.37,258.434
398.476,303.894
401.58,320.062
404.684,349.925
407.785,360.957
410.887,421.824
413.986,432.857
417.085,481.741
420.182,518.832
423.28,650.076
426.375,815.559
429.468,1271.112
432.561,1923.723
435.655,2960.748
438.745,3999.484
441.835,4755.189
444.923,4526.366
448.011,3879.272
451.097,3175.685
454.182,2439.572
457.267,2010.268
460.348,1781.826
463.43,1572.215
466.511,1482.626
469.592,1425.753
472.669,1236.684
475.747,1236.494
478.822,1164.214
481.898,1345.674
484.971,1681.585
488.045,2177.082
491.116,3044.82
494.186,3542.029
497.256,3277.828
500.324,2471.718
503.391,1715.252
506.457,1152.801
509.521,797.679
512.585,591.872
515.648,470.138
518.709,425.629
521.77,384.543
524.83,367.424
527.886,362.479
530.944,391.771
534,379.788
537.054,311.312
540.108,208.599
543.162,205.365
546.212,176.263
549.264,205.746
552.312,224.767
555.359,209.55
558.408,168.465
561.453,172.269
564.497,169.035
567.54,160.666
570.583,215.637
573.624,188.437
576.664,274.412
579.703,454.731
582.742,612.795
585.779,786.267
588.815,937.294
591.85,791.783
594.882,637.713
597.915,414.977
600.946,308.84
603.977,307.318
607.007,340.034
610.034,336.801
613.06,235.799
616.087,232.565
619.111,174.361
622.134,188.247
625.156,95.805
628.179,99.418
631.199,126.809
634.218,94.283
637.236,116.728
640.253,121.863
643.269,133.847
646.282,161.427
649.297,175.122
652.31,290.009
655.322,384.163
658.331,682.602
661.341,1167.828
664.348,1423.09
667.356,1284.046
670.361,983.705
673.367,710.944
676.37,539.184
679.372,276.504
682.373,235.038
685.375,191.861
688.374,143.357
691.372,168.655
694.369,108.358
697.365,87.245
700.36,57.572
703.354,89.718
706.346,64.99
709.338,78.115
712.329,115.206
715.317,131.754
718.306,144.688
721.294,131.944
724.279,141.455
727.264,147.542
730.249,155.15
733.231,123.385
736.212,132.705
739.195,253.489
742.174,279.928
745.152,287.346
748.129,329.192
751.106,418.971
754.081,568.667
757.055,1155.655
760.029,1917.446
762.999,2737.631
765.971,2799.64
768.941,2350.554
771.909,1628.897
774.877,1030.496
777.843,718.362
780.809,524.728
783.773,425.248
786.737,399.57
789.699,329.192
792.66,265.662
795.619,284.303
798.578,296.096
801.536,328.431
804.493,372.75
807.448,322.725
810.403,371.989
813.357,373.131
816.31,396.717
819.262,478.507
822.211,618.502
825.161,499.43
828.108,462.72
831.056,384.924
834.001,397.668
836.947,431.145
839.89,492.012
842.833,643.609
845.776,1042.289
848.716,1521.428
851.655,2168.523
854.594,2575.572
857.531,2414.845
860.468,2019.208
863.403,1631.94
866.336,1435.073
869.269,1449.149
872.202,1380.673
875.133,1341.49
878.062,1420.617
880.992,1405.21
883.919,1377.82
886.846,1314.29
889.771,1283.476
892.695,1312.578
895.618,1219.755
898.542,1207.582
901.463,1059.789
904.383,966.966
907.302,796.919
910.221,724.449
913.138,571.33
916.052,464.622
918.968,378.457
921.882,329.763
924.796,310.361
927.706,316.638
930.618,307.318
933.526,333.947
936.436,489.349
939.343,747.464
942.249,1069.109
945.154,1306.491
948.059,1355.375
950.962,1146.905
953.864,792.544
956.766,534.239
959.666,318.731
962.563,224.957
965.461,148.302
968.359,126.619
971.255,118.439
974.148,26.378
977.043,47.301
979.935,8.118
982.827,3.362
985.717,29.421
988.608,2.221
991.496,-12.996
994.383,11.161
997.269,19.911
1000.15,64.8
1003.04,25.427
1005.92,56.431
1008.8,106.076
1011.68,113.114
1014.56,126.809
1017.44,220.963
1020.32,227.81
1023.2,466.143
1026.07,685.646
1028.95,1016.421
1031.82,1455.426
1034.69,1661.043
1037.57,1501.266
1040.44,1097.26
1043.31,684.504
1046.17,576.275
1049.04,461.008
1051.91,510.462
1054.77,554.781
1057.64,727.682
1060.5,1008.622
1063.36,1349.669
1066.22,1656.287
1069.08,1782.777
1071.94,1660.662
1074.8,1216.141
1077.66,783.414
1080.51,407.559
1083.37,257.863
1086.22,118.439
1089.08,85.533
1091.93,139.933
1094.78,31.514
1097.63,70.507
1100.48,45.969
1103.32,31.894
1106.17,115.396
1109.02,169.796
1111.86,239.603
1114.7,276.884
1117.54,374.272
1120.39,404.706
1123.23,503.615
1126.07,664.532
1128.9,717.221
1131.74,872.812
1134.58,1050.659
1137.41,1096.69
1140.25,1298.502
1143.08,1653.244
1145.91,2066
1148.74,2274.85
1151.57,2382.509
1154.4,2224.445
1157.23,2006.274
1160.06,1776.12
1162.88,1623.191
1165.71,1629.658
1168.53,1665.417
1171.35,1677.21
1174.17,1853.535
1176.99,1896.142
1179.81,1846.307
1182.63,1674.548
1185.45,1520.097
1188.27,1211.196
1191.08,1068.729
1193.9,924.549
1196.71,756.404
1199.52,636.191
1202.33,656.734
1205.15,603.665
1207.95,617.36
1210.76,655.022
1213.57,735.671
1216.38,717.03
1219.18,773.713
1221.99,715.509
1224.79,712.275
1227.59,571.9
1230.39,515.598
1233.19,502.093
1235.99,512.745
1238.79,507.99
1241.59,569.998
1244.38,525.869
1247.18,552.118
1249.97,480.599
1252.77,455.301
1255.56,522.826
1258.35,547.363
1261.14,525.869
1263.93,641.327
1266.71,710.753
1269.5,810.994
1272.29,974.765
1275.07,1028.785
1277.86,1110.194
1280.64,1172.964
1283.42,1244.292
1286.2,1348.147
1288.98,1680.254
1291.76,2053.446
1294.54,2461.066
1297.31,2848.143
1300.09,2796.216
1302.86,2480.277
1305.64,2142.084
1308.41,2045.837
1311.18,1995.812
1313.95,2062.386
1316.72,2132.573
1319.49,2225.015
1322.26,2259.253
1325.03,2384.601
1327.79,2297.105
1330.56,2283.41
1333.32,2242.515
1336.08,2222.162
1338.84,2200.098
1341.6,2346.179
1344.36,2480.277
1347.12,2746.381
1349.88,2877.245
1352.64,3033.788
1355.39,3070.499
1358.15,3029.984
1360.9,3052.809
1363.65,2928.412
1366.4,2605.055
1369.16,2439.572
1371.9,2339.331
1374.65,2645.57
1377.4,2999.931
1380.15,3597.761
1382.89,4394.741
1385.64,5349.405
1388.38,6189.372
1391.12,6736.036
1393.86,7511.356
1396.6,6380.343
1399.34,5395.626
1402.08,4527.698
1404.82,3877.56
1407.56,3302.935
1410.29,3086.857
1413.03,3088.759
1415.76,3130.034
1418.49,3335.842
1421.22,3301.794
1423.95,3622.869
1426.68,4086.22
1429.41,4529.029
1432.14,4946.35
1434.87,5153.919
1437.59,5162.529
1440.32,5120.468
1443.04,5113.354
1445.76,5023.195
1448.48,4946.92
1451.21,4930.562
1453.92,4878.445
1456.64,4911.922
1459.36,4767.172
1462.08,4753.578
1464.79,4733.007
1467.51,4735.483
1470.22,4725.516
1472.93,4497.074
1475.65,4220.699
1478.36,3935.764
1481.07,3491.243
1483.78,3379.59
1486.48,3177.207
1489.19,3034.739
1491.9,2885.615
1494.6,2847.763
1497.3,2762.168
1500.01,2661.167
1502.71,2361.206
1505.41,2191.728
1508.11,1814.732
1510.81,1683.107
1513.51,1584.008
1516.2,1467.789
1518.9,1439.258
1521.6,1268.259
1524.29,1188.181
1526.98,1233.451
1529.67,1210.245
1532.36,1123.509
1535.06,1124.27
1537.74,1200.734
1540.43,1165.546
1543.12,1180.192
1545.81,1213.859
1548.49,1187.42
1551.18,1150.709
1553.86,1145.003
1556.54,990.172
1559.22,924.549
1561.9,922.457
1564.58,964.874
1567.26,983.324
1569.94,935.011
1572.61,1010.144
1575.29,1064.924
1577.96,1179.621
1580.64,1234.211
1583.31,1414.15
1585.98,1489.663
1588.65,1741.692
1591.32,1956.058
1593.99,2076.081
1596.66,2316.316
1599.32,2477.614
1601.99,2928.792
1604.65,3450.348
1607.32,4366.209
1609.98,5826.071
1612.64,7942.538
1615.3,10935.492
1617.96,14506.495
1620.62,17509.72
1623.28,18841
1625.94,17146.99
1628.59,13410.505
1631.25,9442.343
1633.9,6397.081
1636.55,4332.732
1639.21,3136.121
1641.86,2262.106
1644.51,1816.825
1647.16,1566.889
1649.81,1411.487
1652.45,1149.758
1655.1,1047.615
1657.74,964.113
1660.39,817.461
1663.03,744.421
1665.68,662.821
1668.32,644.751
1670.96,559.727
1673.6,474.703
1676.24,372.56
1678.87,407.749
1681.51,310.742
1684.15,272.129
1686.78,250.635
1689.41,220.772
1692.05,250.635
1694.68,246.451
1697.31,221.533
1699.94,200.23
1702.57,231.805
1705.2,249.875
1707.82,278.216
1710.45,222.484
1713.08,209.74
1715.7,171.128
1718.32,172.079
1720.95,147.161
1723.57,55.48
1726.19,116.537
1728.81,79.637
1731.43,107.978
1734.04,89.908
1736.66,92.571
1739.28,132.895
1741.89,99.418
1744.5,119.2
1747.12,116.537
1749.73,69.365
1752.34,-15.468
1754.95,81.349
1757.56,71.838
1760.17,60.616
1762.78,45.969
1765.38,29.611
1767.99,26.948
1770.59,39.693
1773.19,11.351
1775.8,22.383
1778.4,57.382
1781,44.258
1783.6,17.628
1786.2,-5.768
1788.79,60.045
1791.39,2.411
1793.99,33.796
1796.58,1.841
1799.18,34.937
1801.77,90.288
1804.36,47.872
1806.95,5.645
1809.54,74.691
1812.13,51.105
1814.72,30.943
1817.31,89.528
1819.89,52.246
1822.48,33.606
1825.06,49.393
1827.65,101.13
1830.23,188.817
1832.81,144.498
1835.39,141.265
1837.97,163.709
1840.55,167.323
1843.13,170.747
1845.7,182.921
1848.28,131.564
1850.86,176.073
1853.43,152.107
1856,119.581
1858.57,122.814
1861.15,174.171
1863.72,163.709
1866.29,141.265
1868.86,118.82
1871.42,135.749
1873.99,192.051
1876.56,172.84
1879.12,227.43
1881.68,233.897
1884.25,187.296
1886.81,298.188
1889.37,311.503
1891.93,305.987
1894.49,211.072
1897.05,268.705
1899.6,189.388
1902.16,300.09
1904.72,184.633
1907.27,163.329
1909.83,165.992
1912.38,196.235
1914.93,176.454
1917.48,151.726
1920.03,104.554
1922.58,148.302
1925.13,181.589
1927.67,178.926
1930.22,191.67
1932.77,108.358
1935.31,124.526
1937.85,85.723
1940.4,201.181
1942.94,126.428
1945.48,108.168
1948.02,165.231
1950.56,150.395
1953.1,121.673
1955.63,161.617
1958.17,172.459
1960.7,75.072
1963.24,157.813
1965.77,130.803
1968.3,93.332
1970.84,138.221
1973.37,133.466
1975.9,108.168
1978.42,113.494
1980.95,125.858
1983.48,146.591
1986,148.683
1988.53,131.754
1991.05,202.322
1993.58,108.168
1996.1,151.346
1998.62,64.039
2001.14,65.942
