150.125,11.7098
153.321,3.14556
156.516,4.59158
159.71,14.0477
162.902,11.5139
166.092,8.99027
169.282,0.47612
172.471,-6.02834
175.657,-0.52289
178.845,14.9917
182.031,8.51566
185.213,-7.9508
188.397,1.59158
191.578,17.1433
194.76,0.70369
197.938,14.2732
201.116,-8.14856
204.294,-2.56196
207.469,1.03344
210.643,2.63726
213.816,-9.75059
216.988,1.86978
220.161,-2.50198
223.331,17.1345
226.5,-1.22103
229.668,-3.56878
232.834,14.0912
235.998,1.75902
239.162,1.43415
242.325,1.1167
245.488,2.80659
248.649,2.50372
251.807,-7.79182
254.966,5.91949
258.124,-12.3622
261.279,5.36306
264.435,-6.90505
267.587,-11.1663
270.741,-3.42118
273.891,-1.6694
277.043,-1.91138
280.191,17.8531
283.339,-10.3762
286.485,-0.59939
289.632,-0.81668
292.776,6.97211
295.919,6.76676
299.061,-1.43282
302.202,0.37328
305.342,-5.81502
308.48,0.0022
311.618,5.82484
314.755,15.6528
317.89,1.48608
321.023,-6.67539
324.156,1.16813
327.288,-2.98334
330.42,8.87013
333.548,4.72855
336.677,-1.40836
339.803,-1.54048
342.93,8.33192
346.054,8.20894
349.179,-9.90966
352.301,-4.0238
355.422,-4.13363
358.543,11.7607
361.662,11.6592
364.779,5.56187
367.896,-2.5315
371.011,-2.62093
374.126,9.2935
377.239,-2.78828
380.352,-4.86634
383.463,-6.94075
386.573,0.98842
389.682,-1.07891
392.79,4.85721
395.897,4.79671
399.001,2.73954
402.106,-3.31442
405.21,6.63479
408.311,0.58715
411.413,-3.45749
414.512,-1.49912
417.611,-7.53786
420.708,14.4263
423.803,-5.60679
426.9,0.36284
429.994,2.33516
433.086,10.3101
436.177,4.28756
439.268,10.2675
442.357,10.2499
445.445,8.23467
448.533,-5.77825
451.619,-1.78892
454.704,12.2026
457.788,8.19629
460.871,-9.80794
463.953,14.1899
467.032,2.18966
470.112,4.19138
473.191,0.19498
476.267,16.2004
479.344,2.2076
482.418,2.21652
485.493,10.2271
488.565,18.2393
491.635,16.2531
494.707,0.26846
497.776,-1.71474
500.843,6.30349
503.91,2.32311
506.975,-3.65593
510.04,18.3663
513.104,0.38983
516.166,-1.58546
519.227,12.4404
522.288,18.4674
525.347,14.4955
528.406,12.5246
531.461,10.5547
534.517,14.5857
537.573,-5.38229
540.625,22.6505
543.678,4.68421
546.729,-7.28133
549.78,6.75391
552.828,20.7898
555.877,4.82649
558.923,4.86376
561.968,4.90164
565.013,20.9401
568.056,12.9791
571.098,5.01862
574.139,7.0586
577.179,-0.90097
580.218,11.1399
583.256,17.1811
586.293,1.22265
589.329,5.26453
592.364,7.30669
595.396,-8.65092
598.429,13.3917
601.461,3.43457
604.49,3.47755
607.52,-10.4793
610.547,15.5639
613.573,3.60725
616.6,-4.34935
619.623,-4.30594
622.646,9.73748
625.67,-4.21909
628.691,13.8243
631.711,7.86756
634.73,-6.08923
637.748,-0.04615
640.765,13.9968
643.78,2.03961
646.793,2.0822
649.807,18.1246
652.82,-1.83319
655.832,6.20876
658.841,-9.74958
661.851,-3.70817
664.857,-1.66709
667.865,8.37369
670.87,-5.58588
673.876,-5.54579
676.879,2.4939
679.881,6.5332
682.882,2.5721
685.884,6.61059
688.882,0.64863
691.88,2.6862
694.877,-5.27669
697.873,6.75993
700.868,2.79606
703.86,6.83165
706.853,6.86673
709.845,-5.09872
712.836,-15.0647
715.824,-5.03131
718.813,-4.99846
721.799,7.03379
724.786,1.06546
727.77,-6.9035
730.755,-4.87306
733.737,7.15672
736.718,-0.81413
739.698,1.21437
742.677,-10.7578
745.657,3.26939
748.635,17.2959
751.611,-14.6783
754.584,7.3468
757.558,1.37122
760.531,-4.60507
763.504,9.41792
766.475,-6.5598
769.443,7.46173
772.412,7.48254
775.379,9.50261
778.346,-0.47806
781.31,5.54051
784.276,1.55834
787.238,3.57539
790.2,-0.40831
793.162,9.60723
796.122,-22.378
799.08,-4.36403
802.038,17.6492
804.995,-2.33839
807.95,1.67325
810.905,-8.31589
813.859,9.69418
816.809,3.70346
819.761,3.71196
822.712,9.71966
825.66,15.7266
828.608,1.73267
831.554,13.738
834.501,-4.25749
837.445,5.74624
840.388,-6.25083
843.332,-6.2487
846.273,11.7526
849.214,3.75319
852.153,-10.2471
855.091,-0.2481
858.028,3.75007
860.964,7.74745
863.9,1.74404
866.834,-0.26016
869.767,7.73486
872.698,11.7291
875.629,5.72255
878.558,3.71524
881.487,11.7071
884.414,-12.3017
887.342,-2.31136
890.266,-6.32175
893.19,7.66709
896.115,3.65516
899.037,13.6425
901.958,19.6291
904.878,5.61489
907.797,1.59998
910.715,1.58433
913.632,9.56794
916.548,-4.44918
919.461,7.53299
922.376,15.5144
925.289,-0.50486
928.199,7.47516
931.111,5.45446
934.019,9.43308
936.929,11.411
939.835,3.38822
942.741,5.36476
945.646,9.34063
948.551,9.31581
951.454,19.2903
954.356,3.26421
957.257,-12.7626
960.157,9.20998
963.054,11.1819
965.952,19.1532
968.849,-2.87613
971.746,7.0939
974.639,7.06333
977.533,-6.96786
980.425,9.00036
983.317,0.96796
986.207,2.935
989.096,2.90145
991.985,4.86731
994.872,14.8326
997.758,-1.20264
1000.64,4.76155
1003.53,4.72519
1006.41,14.6883
1009.29,10.6509
1012.17,2.6129
1015.05,20.5744
1017.93,10.5355
1020.81,36.496
1023.68,8.456
1026.56,10.4155
1029.43,0.37458
1032.31,20.3331
1035.18,6.29126
1038.05,14.2489
1040.92,12.2061
1043.79,10.1629
1046.66,22.1192
1049.53,24.0751
1052.39,14.0306
1055.26,5.98563
1058.12,21.9403
1060.99,15.8946
1063.85,9.84843
1066.71,33.8019
1069.57,29.755
1072.43,23.7078
1075.29,21.6602
1078.14,29.6122
1081,31.5639
1083.85,15.5152
1086.71,17.4663
1089.56,25.417
1092.41,25.3674
1095.26,35.3174
1098.11,23.2672
1100.96,31.2167
1103.81,15.1659
1106.65,21.1148
1109.5,19.0635
1112.34,23.0118
1115.18,14.96
1118.03,20.9078
1120.87,10.8555
1123.71,18.8029
1126.55,20.7501
1129.38,18.697
1132.22,20.6438
1135.06,12.5903
1137.89,8.53662
1140.73,-1.51725
1143.56,8.42869
1146.39,12.3744
1149.22,20.32
1152.05,-3.73456
1154.88,10.2107
1157.71,-3.84418
1160.53,4.10079
1163.36,6.04559
1166.19,-2.00972
1169.01,-4.06516
1171.83,-4.12072
1174.65,15.8236
1177.47,-4.23224
1180.29,-2.28815
1183.11,13.6558
1185.93,9.59973
1188.74,3.54357
1191.56,-10.5127
1194.37,3.43093
1197.19,3.37449
1200,-0.68198
1202.81,-0.73855
1205.62,3.20487
1208.43,3.14822
1211.24,-4.90851
1214.05,-0.96524
1216.85,0.97798
1219.66,-5.07882
1222.46,-7.13566
1225.26,-5.19252
1228.07,16.7506
1230.87,-5.3063
1233.67,2.63683
1236.47,-13.4201
1239.26,-1.477
1242.06,-3.53387
1244.86,8.40922
1247.65,-1.64764
1250.44,8.29551
1253.24,-19.7614
1256.03,12.1818
1258.82,12.1251
1261.61,4.0683
1264.4,-1.98843
1267.19,1.95488
1269.97,-2.10177
1272.76,1.84162
1275.54,-6.21491
1278.33,5.72857
1281.11,3.67214
1283.89,-8.38428
1286.67,3.5594
1289.45,-4.4969
1292.23,5.44689
1295.01,15.3907
1297.78,9.33467
1300.56,-2.72134
1303.33,7.22272
1306.11,5.16686
1308.88,3.11106
1311.65,9.05534
1314.42,4.9997
1317.19,16.9442
1319.96,-5.11132
1322.73,14.8333
1325.49,-3.222
1328.26,10.7228
1331.03,-9.33235
1333.79,-3.38738
1336.55,-1.44232
1339.31,12.5028
1342.07,18.4481
1344.83,8.3934
1347.59,8.33881
1350.35,6.28432
1353.1,12.23
1355.86,6.17565
1358.61,6.12144
1361.37,-5.93265
1364.12,0.01332
1366.87,-0.04058
1369.62,-0.09439
1372.37,-0.14811
1375.12,-4.20177
1377.87,-0.2553
1380.61,-6.30874
1383.36,7.63791
1386.1,1.58468
1388.85,-10.4685
1391.59,7.47843
1394.33,1.42547
1397.07,-0.62744
1399.81,1.31974
1402.55,-10.733
1405.28,3.21442
1408.02,-2.83814
1410.76,3.1094
1413.49,1.05703
1416.22,19.0047
1418.96,12.9525
1421.69,-3.09961
1424.42,4.84832
1427.15,0.79637
1429.88,2.74445
1432.6,26.6926
1435.33,4.64085
1438.05,0.58916
1440.78,-5.46249
1443.5,2.48595
1446.22,16.4345
1448.95,14.383
1451.67,0.33159
1454.39,6.28025
1457.1,8.229
1459.82,-1.82223
1462.54,4.12658
1465.26,12.0754
1467.97,0.02436
1470.68,7.97329
1473.39,-4.07771
1476.11,-0.12871
1478.82,19.8204
1481.53,3.76945
1484.24,1.71854
1486.94,5.66768
1489.65,-0.38316
1492.36,7.56601
1495.06,3.51523
1497.76,1.46444
1500.47,-2.58636
1503.17,1.36286
1505.87,5.3121
1508.57,-0.73868
1511.27,5.21056
1513.96,3.1598
1516.66,3.10902
1519.36,3.0582
1522.05,11.0074
1524.75,-1.04342
1527.44,6.90573
1530.13,12.8549
1532.82,-1.196
1535.51,8.75307
1538.2,10.7021
1540.89,12.6511
1543.58,10.6001
1546.26,10.549
1548.95,4.49794
1551.63,6.44675
1554.31,6.39555
1557,10.3443
1559.68,10.293
1562.36,4.24159
1565.04,4.19015
1567.71,-1.86133
1570.39,14.0871
1573.07,14.0354
1575.74,5.98373
1578.42,5.93192
1581.09,19.8801
1583.76,-4.17188
1586.43,-8.22391
1589.11,3.72393
1591.77,11.6717
1594.44,3.61941
1597.11,-14.433
1599.78,-0.48546
1602.44,3.46194
1605.11,7.40922
1607.77,1.35645
1610.43,1.30352
1613.09,3.25052
1615.75,19.1974
1618.42,25.1441
1621.07,23.0908
1623.73,25.0373
1626.39,22.9838
1629.04,22.9301
1631.7,20.8762
1634.35,-3.17769
1637.01,16.7682
1639.66,10.714
1642.31,10.6597
1644.96,14.6053
1647.61,-1.44927
1650.26,10.496
1652.9,0.44123
1655.55,0.38624
1658.2,16.3312
1660.84,-7.72405
1663.48,-5.77936
1666.12,-11.8348
1668.77,2.10955
1671.41,0.05381
1674.05,17.998
1676.68,13.942
1679.32,-0.11414
1681.96,9.82963
1684.59,21.7733
1687.23,-2.28327
1689.86,9.66012
1692.5,-0.39663
1695.13,1.54654
1697.76,9.48955
1700.39,5.43244
1703.02,5.37521
1705.64,5.3179
1708.27,7.26044
1710.9,7.2029
1713.52,1.14526
1716.15,-4.91253
1718.77,1.02962
1721.39,4.97167
1724.01,-9.08638
1726.63,-13.1445
1729.25,-1.2027
1731.87,-9.26101
1734.49,4.6806
1737.1,12.6222
1739.72,2.56364
1742.34,4.50508
1744.95,-3.55354
1747.56,8.38775
1750.17,4.32903
1752.78,4.27027
1755.39,0.21147
1758,10.1526
1760.61,0.09383
1763.22,6.03497
1765.82,-12.0239
1768.43,11.9173
1771.03,-8.14161
1773.64,1.79957
1776.24,7.74078
1778.84,-4.31798
1781.44,-0.3767
1784.04,3.56459
1786.64,-10.494
1789.24,7.44748
1791.83,-4.61098
1794.43,-2.66935
1797.02,5.27242
1799.62,7.21426
1802.21,-4.84374
1804.8,3.09836
1807.39,11.0406
1809.98,14.9831
1812.57,-13.0743
1815.16,-7.13151
1817.75,4.81148
1820.33,4.75469
1822.92,10.6981
1825.5,-3.35819
1828.09,-5.41427
1830.67,6.52996
1833.25,12.4745
1835.83,0.41924
1838.41,10.3644
1840.99,2.30981
1843.57,2.25561
1846.14,6.20178
1848.72,2.14833
1851.29,0.09529
1853.87,8.0427
1856.44,3.99051
1859.01,-4.06119
1861.58,-6.11244
1864.15,-8.16317
1866.72,5.78663
1869.29,-2.26304
1871.86,-10.3121
1874.43,-2.36067
1876.99,1.5914
1879.56,11.5441
1882.12,1.49746
1884.68,5.45151
1887.25,-6.59377
1889.81,11.3617
1892.37,-6.68211
1894.93,1.27487
1897.48,5.23266
1900.04,1.19126
1902.6,9.15071
1905.15,1.11104
1907.71,1.07227
1910.26,5.03446
1912.81,-5.00242
1915.36,0.96169
1917.91,-7.07315
1920.46,10.8931
1923.01,2.86032
1925.56,10.8287
1928.11,-1.20176
1930.65,-3.23105
1933.2,-5.25913
1935.74,2.71403
1938.29,0.68847
1940.83,-9.33579
1943.37,6.6413
1945.91,16.6198
1948.45,2.59966
1950.99,-3.41901
1953.53,2.56382
1956.06,10.5482
1958.6,4.53409
1961.14,0.52161
1963.67,2.51077
1966.2,12.5016
1968.74,2.49419
1971.27,0.48852
1973.8,0.48466
1976.33,6.48265
1978.85,0.48252
1981.38,6.48433
1983.91,-3.51188
1986.44,10.4939
1988.96,-7.49818
1991.48,-3.4882
1994.01,0.52396
1996.53,-3.46167
1999.05,2.55494
