150.125,-1.33798
153.321,10.3097
156.516,-0.03772
159.71,3.6196
162.902,3.28161
166.092,6.94846
169.282,-3.38035
172.471,-1.70468
175.657,-2.02436
178.845,7.66011
182.031,3.34889
185.213,9.04211
188.397,8.73932
191.578,2.44085
194.76,6.14625
197.938,1.85587
201.116,-4.43054
204.294,-14.7132
207.469,5.00813
210.643,2.7333
213.816,12.4622
216.988,-1.8051
220.161,-0.06895
223.331,-10.329
226.5,-2.58544
229.668,3.16165
232.834,2.91224
235.998,2.66646
239.162,-11.5761
242.325,4.18478
245.488,-6.05102
248.649,-4.28351
251.807,-0.51258
254.966,-0.73857
258.124,1.03864
261.279,0.81916
264.435,-3.39732
267.587,2.38943
270.741,-5.82089
273.891,-14.028
277.043,1.76769
280.191,-0.43347
283.339,-2.63169
286.485,-2.827
289.632,10.9805
292.776,2.7909
295.919,4.60417
299.061,-3.57975
302.202,-5.7609
305.342,4.06071
308.48,-4.11496
311.618,1.71207
314.755,5.54178
317.89,-0.62587
321.023,1.20923
324.156,1.04681
327.288,-3.11302
330.42,-9.27031
333.548,-7.42495
336.677,6.4228
339.803,2.27315
342.93,-1.87415
346.054,-2.0189
349.179,5.83866
352.301,-6.30128
355.422,-2.43885
358.543,7.42584
361.662,5.29295
364.779,-2.83763
367.896,1.03408
371.011,-9.09194
374.126,10.7843
377.239,-5.33728
380.352,2.54337
383.463,-5.5738
386.573,-3.6888
389.682,8.19834
392.79,2.08759
395.897,5.97895
399.001,5.87246
402.106,9.76796
405.21,-2.3345
408.311,5.56512
411.413,5.46667
414.512,-2.62973
417.611,5.27575
420.708,7.18324
423.803,9.09263
426.9,9.00386
429.994,12.917
433.086,20.832
436.177,30.7489
439.268,28.6675
442.357,16.588
445.445,28.5102
448.533,6.43412
451.619,4.35979
454.704,8.28717
457.788,16.2162
460.871,14.1469
463.953,2.07929
467.032,12.0133
470.112,7.94887
473.191,19.886
476.267,-0.17527
479.344,7.76494
482.418,-2.29331
485.493,19.6499
488.565,13.5946
491.635,15.5407
494.707,11.4882
497.776,11.4371
500.843,7.38742
503.91,3.33906
506.975,1.29201
510.04,5.24626
513.104,5.20178
516.166,9.15854
519.227,1.11653
522.288,13.0757
525.347,15.0361
528.406,8.9976
531.461,2.96026
534.517,-5.076
537.573,-9.11118
540.625,-1.1453
543.678,12.8216
546.729,10.7895
549.78,8.75837
552.828,2.7282
555.877,8.69894
558.923,2.6706
561.968,2.64312
565.013,2.61649
568.056,14.5907
571.098,-3.43435
574.139,-7.4586
577.179,10.5179
580.218,2.49508
583.256,8.47296
586.293,14.4515
589.329,6.43068
592.364,4.41045
595.396,4.39082
598.429,6.37173
601.461,0.35315
604.49,0.33509
607.52,2.31748
610.547,-5.69968
613.573,2.28357
616.6,4.2672
619.623,6.25119
622.646,6.23551
625.67,-7.77988
628.691,8.20502
631.711,0.19015
634.73,-1.82449
637.748,6.16105
640.765,4.14675
643.78,2.13257
646.793,6.11852
649.807,-1.89548
652.82,12.0906
655.832,4.07664
658.841,2.06271
661.851,2.04872
664.857,-7.96532
667.865,0.02053
670.87,4.00627
673.876,1.99184
676.879,-4.02276
679.881,3.96242
682.882,-4.05263
685.884,-10.068
688.882,-10.0836
691.88,7.90048
694.877,-12.1158
697.873,1.8675
700.868,-8.14959
703.86,-10.1671
706.853,-14.1851
709.845,1.79642
712.836,9.77741
715.824,-8.24214
718.813,1.73772
721.799,11.717
724.786,5.69561
727.77,-0.32641
730.755,-2.34914
733.737,1.62743
736.718,-6.39675
739.698,-8.42169
742.677,-4.44744
745.657,-10.474
748.635,-4.50144
751.611,-0.52974
754.584,1.44107
757.558,-2.58906
760.531,9.37985
763.504,-4.65223
766.475,19.3147
769.443,13.2806
772.412,9.2454
775.379,-2.79084
778.346,13.1718
781.31,9.13328
784.276,5.09361
787.238,3.05277
790.2,3.01072
793.162,6.9674
796.122,6.92286
799.08,12.877
802.038,6.8299
804.995,-11.2186
807.95,0.73163
810.905,2.68044
813.859,-3.37215
816.809,2.57388
819.761,2.51843
822.712,6.46152
825.66,10.4032
828.608,2.34325
831.554,2.28185
834.501,0.21887
837.445,2.15435
840.388,0.08825
843.332,-3.97951
846.273,-6.04885
849.214,7.88016
852.153,1.8075
855.091,1.73315
858.028,9.6571
860.964,1.57933
863.9,-0.50018
866.834,15.4185
869.767,-0.6645
872.698,11.2507
875.629,13.1641
878.558,11.0757
881.487,2.98535
884.414,16.8932
887.342,22.7992
890.266,14.7033
893.19,2.60558
896.115,18.5058
899.037,14.4042
901.958,16.3007
904.878,8.19522
907.797,4.08776
910.715,5.97833
913.632,3.86691
916.548,1.75349
919.461,7.63813
922.376,7.52068
925.289,5.4012
928.199,15.2798
931.111,-4.84382
934.019,11.0306
936.929,12.9029
939.835,4.77324
942.741,12.6415
945.646,8.5076
948.551,-1.62844
951.454,4.2335
954.356,-3.90667
957.257,-4.04895
960.157,11.8067
963.054,-4.33977
965.952,-0.48841
968.849,5.36081
971.746,-8.7921
974.639,7.05296
977.533,-5.10422
980.425,-5.26344
983.317,8.57509
986.207,2.41159
989.096,8.24595
991.985,18.078
994.872,9.90812
997.758,7.73606
1000.64,1.56185
1003.53,9.38551
1006.41,25.207
1009.29,19.0264
1012.17,6.84369
1015.05,14.6588
1017.93,20.472
1020.81,8.28286
1023.68,36.0918
1026.56,19.8985
1029.43,21.7032
1032.31,31.5057
1035.18,19.3062
1038.05,13.1047
1040.92,21.9009
1043.79,30.6953
1046.66,14.4876
1049.53,16.2778
1052.39,26.066
1055.26,15.8522
1058.12,23.6366
1060.99,19.4187
1063.85,31.1989
1066.71,24.9773
1069.57,36.7536
1072.43,6.52789
1075.29,26.3004
1078.14,12.071
1081,17.8396
1083.85,23.6064
1086.71,21.3714
1089.56,21.1345
1092.41,22.8957
1095.26,12.6552
1098.11,12.4128
1100.96,24.1686
1103.81,17.9227
1106.65,13.675
1109.5,11.4258
1112.34,19.1747
1115.18,12.922
1118.03,18.6676
1120.87,20.4116
1123.71,18.1539
1126.55,13.8947
1129.38,21.634
1132.22,25.3717
1135.06,21.1078
1137.89,12.8425
1140.73,16.5756
1143.56,30.3073
1146.39,26.0376
1149.22,15.7665
1152.05,15.494
1154.88,13.2203
1157.71,10.9451
1160.53,14.6688
1163.36,20.391
1166.19,8.11219
1169.01,11.8322
1171.83,17.5509
1174.65,1.26836
1177.47,0.98484
1180.29,8.70023
1183.11,-11.5854
1185.93,10.1279
1188.74,-8.15965
1191.56,13.5517
1194.37,21.2621
1197.19,0.97154
1200,12.6803
1202.81,6.38811
1205.62,-5.90473
1208.43,3.80165
1211.24,9.5071
1214.05,1.21206
1216.85,-3.08367
1219.66,2.61998
1222.46,14.323
1225.26,-7.97448
1228.07,5.72749
1230.87,-14.571
1233.67,-10.8698
1236.47,6.83081
1239.26,10.531
1242.06,-11.7688
1244.86,17.9308
1247.65,-2.36971
1250.44,3.32961
1253.24,1.02854
1256.03,-1.27246
1258.82,-13.5736
1261.61,2.12524
1264.4,-14.176
1267.19,-0.47717
1269.97,-10.7783
1272.76,4.92063
1275.54,2.61992
1278.33,4.31918
1281.11,2.01887
1283.89,13.7186
1286.67,23.4188
1289.45,15.1192
1292.23,12.8202
1295.01,-3.47845
1297.78,12.2234
1300.56,13.9257
1303.33,13.6287
1306.11,9.33216
1308.88,15.0363
1311.65,8.74111
1314.42,20.4466
1317.19,14.1531
1319.96,9.86022
1322.73,17.5682
1325.49,13.2772
1328.26,-3.01283
1331.03,4.69792
1333.79,14.4099
1336.55,18.1229
1339.31,11.8371
1342.07,11.5523
1344.83,7.26881
1347.59,12.9865
1350.35,16.7055
1353.1,18.426
1355.86,16.1477
1358.61,5.87075
1361.37,19.5955
1364.12,5.32148
1366.87,11.0492
1369.62,24.7785
1372.37,22.5095
1375.12,28.2419
1377.87,45.9762
1380.61,47.7122
1383.36,37.45
1386.1,45.1899
1388.85,42.9314
1391.59,42.6748
1394.33,48.4204
1397.07,38.1677
1399.81,41.9172
1402.55,21.6688
1405.28,31.4226
1408.02,25.1783
1410.76,34.9365
1413.49,22.6968
1416.22,30.4594
1418.96,34.2243
1421.69,43.9916
1424.42,43.7613
1427.15,43.5335
1429.88,39.3081
1432.6,49.0851
1435.33,36.8648
1438.05,32.6471
1440.78,28.4319
1443.5,56.2194
1446.22,38.0097
1448.95,31.8025
1451.67,39.5981
1454.39,37.3966
1457.1,35.198
1459.82,37.0021
1462.54,50.8091
1465.26,28.619
1467.97,42.432
1470.68,44.2478
1473.39,32.0668
1476.11,31.8886
1478.82,27.7137
1481.53,37.5418
1484.24,23.3729
1486.94,11.2073
1489.65,25.0448
1492.36,20.8856
1495.06,28.7296
1497.76,18.5768
1500.47,20.4273
1503.17,18.281
1505.87,6.1382
1508.57,13.9986
1511.27,25.8625
1513.96,5.72967
1516.66,15.6003
1519.36,7.47422
1522.05,17.3517
1524.75,13.2326
1527.44,-0.88308
1530.13,13.0048
1532.82,-3.10385
1535.51,-1.20903
1538.2,18.6893
1540.89,6.59124
1543.58,-1.50336
1546.26,2.40565
1548.95,4.31822
1551.63,12.2343
1554.31,4.15398
1557,8.07724
1559.68,2.00409
1562.36,7.93451
1565.04,3.86852
1567.71,-4.19385
1570.39,3.74732
1573.07,9.69208
1575.74,13.6405
1578.42,7.59238
1581.09,11.5479
1583.76,19.507
1586.43,3.46963
1589.11,17.4358
1591.77,31.4055
1594.44,13.3788
1597.11,25.3556
1599.78,7.33592
1602.44,19.3197
1605.11,27.307
1607.77,43.2977
1610.43,45.2919
1613.09,71.2895
1615.75,111.29
1618.42,131.295
1621.07,153.303
1623.73,161.314
1626.39,159.328
1629.04,135.346
1631.7,107.366
1634.35,77.3904
1637.01,49.4176
1639.66,37.448
1642.31,27.4815
1644.96,13.518
1647.61,15.5576
1650.26,7.6001
1652.9,11.6456
1655.55,-0.30601
1658.2,3.74521
1660.84,-0.20075
1663.48,-2.144
1666.12,7.91549
1668.77,5.97763
1671.41,2.04237
1674.05,-3.89039
1676.68,-7.82063
1679.32,2.25151
1681.96,-5.674
1684.59,6.40279
1687.23,-3.51814
1689.86,16.563
1692.5,-3.35369
1695.13,-7.26845
1697.76,0.81878
1700.39,-7.09211
1703.02,0.99879
1705.64,-4.90866
1708.27,5.1856
1710.9,11.2813
1713.52,15.3785
1716.15,-14.5228
1718.77,-10.423
1721.39,-0.32195
1724.01,-4.21981
1726.63,9.88333
1729.25,-4.0127
1731.87,8.09215
1734.49,4.19769
1737.1,-17.6962
1739.72,0.41038
1742.34,2.51731
1744.95,-3.37551
1747.56,-9.2681
1750.17,-9.16074
1752.78,2.94653
1755.39,-12.9464
1758,5.16032
1760.61,-8.73349
1763.22,13.3722
1765.82,-4.52286
1768.43,-6.41884
1771.03,7.68425
1773.64,3.78615
1776.24,17.8868
1778.84,-10.014
1781.44,-9.91641
1784.04,4.17957
1786.64,4.27355
1789.24,4.36557
1791.83,-5.54459
1794.43,4.5429
1797.02,12.6278
1799.62,4.71013
1802.21,-11.2105
1804.8,10.866
1807.39,8.93921
1809.98,3.00906
1812.57,25.0754
1815.16,-6.86205
1817.75,3.19661
1820.33,11.2512
1822.92,5.3014
1825.5,-2.65282
1828.09,5.38826
1830.67,21.4244
1833.25,17.4555
1835.83,11.4813
1838.41,13.5016
1840.99,5.51613
1843.57,5.52474
1846.14,11.5272
1848.72,21.5233
1851.29,-4.48727
1853.87,5.49536
1856.44,27.4709
1859.01,11.4392
1861.58,13.3999
1864.15,13.3528
1866.72,5.29777
1869.29,21.2344
1871.86,17.1625
1874.43,13.0819
1876.99,2.99214
1879.56,20.8931
1882.12,18.7845
1884.68,8.66613
1887.25,12.5376
1889.81,2.39869
1892.37,2.24905
1894.93,16.0885
1897.48,19.9168
1900.04,11.7335
1902.6,13.5384
1905.15,7.33121
1907.71,13.1116
1910.26,4.87932
1912.81,12.6339
1915.36,2.37508
1917.91,-1.8972
1920.46,1.81652
1923.01,9.51573
1925.56,9.20048
1928.11,-3.12973
1930.65,18.5248
1933.2,2.16357
1935.74,-2.21361
1938.29,17.3931
1940.83,-3.01709
1943.37,6.55563
1945.91,14.1112
1948.45,5.64907
1950.99,-0.83158
1953.53,8.6696
1956.06,4.1519
1958.6,-6.3851
1961.14,-14.9417
1963.67,-3.51842
1966.2,7.88487
1968.74,5.26689
1971.27,-3.37188
1973.8,9.96727
1976.33,-8.71516
1978.85,14.5799
1981.38,1.85163
1983.91,-0.89948
1986.44,-5.67429
1988.96,5.52669
1991.48,-5.29634
1994.01,-4.14499
1996.53,0.98086
1999.05,-1.91859
